antecedents,consequents,antecedent support,consequent support,support,confidence,lift,representativity,leverage,conviction,zhangs_metric,jaccard,certainty,kulczynski
frozenset({'Goals_nan'}),"frozenset({'Away_Weak', 'Venue_Home Venue', 'Result_Draw'})",0.08716169886661558,0.1347557778405195,0.05231315290606219,0.6001850994909763,4.453872843962818,1.0,0.04056761037739028,2.1641119954706447,0.8495220909770025,0.3084423305588585,0.5379167057467731,0.4941961115533301
frozenset({'Goals_nan'}),"frozenset({'Away_Weak', 'Result_Draw'})",0.08716169886661558,0.19170733674827573,0.07312547896583713,0.838963442850532,4.376271962674783,1.0,0.05641594180966305,5.019311624387858,0.845160643145797,0.35542050578317974,0.8007694929437746,0.610203370909802
"frozenset({'Venue_Home Venue', 'Goals_nan'})","frozenset({'Away_Weak', 'Result_Draw'})",0.06267898197071754,0.19170733674827573,0.05231315290606219,0.8346203346203346,4.353617074740575,1.0,0.04029713220236274,4.887497271179686,0.8218165611917831,0.25888223552894213,0.7953963052016945,0.5537503103777036
frozenset({'Goals_nan'}),"frozenset({'Venue_Home Venue', 'Result_Draw'})",0.08716169886661558,0.16573226313878917,0.0625983140402533,0.7181860249884313,4.333411077522069,1.0,0.04815280842806747,2.9603490629837057,0.842684743206408,0.32895294616362863,0.662201997560345,0.5479467481963329
"frozenset({'Away_Weak', 'Goals_nan'})","frozenset({'Venue_Home Venue', 'Result_Draw'})",0.07328681482676562,0.16573226313878917,0.05231315290606219,0.7138139790864061,4.307030903745258,1.0,0.040167163226588955,2.915123995916961,0.8285427534722295,0.28019010585439624,0.656961418656414,0.5147312776911709
"frozenset({'Home_Medium', 'Goals_nan'})",frozenset({'Result_Draw'}),0.05711289476868471,0.2326059774936474,0.05707256080345259,0.9992937853107345,4.296079559425879,1.0,0.04378776008829086,1086.629935869112,0.8137025444507612,0.24531900138696255,0.9990797234946411,0.622327662553061
"frozenset({'Venue_Home Venue', 'Goals_nan'})",frozenset({'Result_Draw'}),0.06267898197071754,0.2326059774936474,0.0625983140402533,0.9987129987129988,4.293582690669565,1.0,0.048018808170647846,596.2651554874715,0.8183901329217725,0.2690240942971052,0.9983228937817397,0.6339151953856307
"frozenset({'Away_Weak', 'Venue_Home Venue', 'Goals_nan'})",frozenset({'Result_Draw'}),0.05239382083652644,0.2326059774936474,0.05231315290606219,0.9984603541185527,4.292496542337659,1.0,0.04012603699575493,498.4224176178711,0.8094452698728702,0.22482232622638237,0.9979936696973235,0.6116803244496006
frozenset({'Goals_nan'}),frozenset({'Result_Draw'}),0.08716169886661558,0.2326059774936474,0.08700036300568709,0.998149005090236,4.291158016854903,1.0,0.06672603084081102,414.58462065904837,0.8401955424585388,0.37376537861722403,0.9975879471881751,0.6860868139722032
"frozenset({'Away_Weak', 'Goals_nan'})",frozenset({'Result_Draw'}),0.07328681482676562,0.2326059774936474,0.07312547896583713,0.9977985690698954,4.28965145187271,1.0,0.05607852776566138,348.5887347235042,0.8275276957504375,0.3141569918558309,0.9971312899689854,0.6560867303473285
frozenset({'Goals_nan'}),"frozenset({'Home_Medium', 'Result_Draw'})",0.08716169886661558,0.15371274149961683,0.05707256080345259,0.6547894493290144,4.259825457154094,1.0,0.043674697116901064,2.4515104096773834,0.838317801368212,0.31051130129471144,0.5920882097614267,0.5130415365249112
"frozenset({'Tournament_Other', 'Result_Away Win'})",frozenset({'Venue_Neutral Venue'}),0.09385713709514783,0.2825394264510144,0.05687089097729198,0.6059303824666953,2.144587005352859,1.0,0.030352549294094686,1.8206442253527693,0.5889907396709165,0.17798535723302197,0.4507438707272755,0.4036075895202855
"frozenset({'Result_Home Win', 'Away_Weak', 'Venue_Neutral Venue'})",frozenset({'Tournament_Other'}),0.10248860565482193,0.31855765740329933,0.06227564231839632,0.6076347894529712,1.9074562338449625,1.0,0.02962711219046571,1.7367552583131556,0.5300674492553036,0.1735806632939854,0.4242136333179944,0.4015636596036697
"frozenset({'Away_Weak', 'Venue_Neutral Venue'})",frozenset({'Tournament_Other'}),0.23321098697212922,0.31855765740329933,0.1409672084862663,0.6044621238325839,1.8974967632541468,1.0,0.06667606279571345,1.7228244971115538,0.6168448821399914,0.3431516936671576,0.4195578239823174,0.523489608383752
"frozenset({'Home_Medium', 'Away_Weak', 'Venue_Neutral Venue'})",frozenset({'Tournament_Other'}),0.14370991812205058,0.31855765740329933,0.08655668938813375,0.6023014313780523,1.890714027368454,1.0,0.04077679452555336,1.7134644083782955,0.5501631929003735,0.2303811057434246,0.41638706055969515,0.43700789472169266
"frozenset({'Result_Home Win', 'Venue_Neutral Venue'})","frozenset({'Tournament_Other', 'Away_Weak'})",0.11708950106885008,0.28495946436494174,0.06227564231839632,0.5318635893902859,1.866453499186604,1.0,0.028909880811058532,1.5274191868642928,0.5257888890992882,0.18328584995251662,0.34530087837056395,0.3752028491891274
"frozenset({'Result_Home Win', 'Venue_Neutral Venue'})",frozenset({'Tournament_Other'}),0.11708950106885008,0.31855765740329933,0.06897108054692856,0.5890458146744746,1.84910266943837,1.0,0.031671323379914566,1.6581954070060534,0.5200947854637353,0.1880981190188098,0.3969347666898046,0.40277816183204607
"frozenset({'Away_Weak', 'Goals_Low', 'Venue_Neutral Venue'})",frozenset({'Tournament_Other'}),0.09756786189650304,0.31855765740329933,0.056386883394506516,0.5779247622984705,1.8141920273064038,1.0,0.025305893870907877,1.6145044336350822,0.49731211362872263,0.15674402959973094,0.3806148938541567,0.3774657997362193
"frozenset({'Result_Away Win', 'Venue_Neutral Venue'})",frozenset({'Tournament_Other'}),0.0985762110273061,0.31855765740329933,0.05687089097729198,0.5769230769230769,1.8110475875099827,1.0,0.02546868411674006,1.6106819006831106,0.49680671767566026,0.15785938199731303,0.37914494502242346,0.37772464304497727
frozenset({'Tournament_Other'}),frozenset({'Venue_Neutral Venue'}),0.31855765740329933,0.2825394264510144,0.16149719678941638,0.5069637883008357,1.7943116635749636,1.0,0.07149209897510946,1.4551883949383382,0.6496268159186184,0.3673731535003212,0.31280375552859335,0.5392777542503464
frozenset({'Venue_Neutral Venue'}),frozenset({'Tournament_Other'}),0.2825394264510144,0.31855765740329933,0.16149719678941638,0.5715917201998573,1.7943116635749634,1.0,0.07149209897510946,1.5906376574108259,0.6170140012899178,0.3673731535003212,0.371321309198879,0.5392777542503464
"frozenset({'Home_Medium', 'Venue_Neutral Venue'})",frozenset({'Tournament_Other'}),0.1720243617150002,0.31855765740329933,0.09821320534021699,0.570926143024619,1.7922223175499339,1.0,0.043413527655988715,1.5881702684016001,0.5338726011129588,0.2503083881578947,0.37034459094462135,0.43961602162626234
"frozenset({'Goals_Medium', 'Venue_Neutral Venue'})",frozenset({'Tournament_Other'}),0.0934537974428266,0.31855765740329933,0.052918162384544026,0.5662494605092793,1.7775415135992099,1.0,0.02314773959571474,1.5710466744244334,0.4825184125940298,0.14736605638548803,0.3634816735369376,0.3661837325336976
"frozenset({'Home_Medium', 'Venue_Neutral Venue'})","frozenset({'Tournament_Other', 'Away_Weak'})",0.1720243617150002,0.28495946436494174,0.08655668938813375,0.5031652989449004,1.7657434192131514,1.0,0.037536719416106305,1.4391920172173305,0.5237669831454267,0.23366724738675962,0.30516568460858046,0.40345809179375236
"frozenset({'Goals_Low', 'Venue_Neutral Venue'})",frozenset({'Tournament_Other'}),0.11644415762513613,0.31855765740329933,0.06316298955350301,0.5424315898856945,1.7027736652362653,1.0,0.02606881148213911,1.489268768415348,0.4671157933718656,0.16986657988935894,0.3285295299222269,0.3703548174801985
"frozenset({'Home_Medium', 'Away_Weak', 'Goals_High'})",frozenset({'Result_Home Win'}),0.07772355100229904,0.48162787883676844,0.05969426854354051,0.768033212247016,1.5946610360305058,1.0,0.02226043953864184,2.234682499958718,0.40433373875055845,0.11947045527930254,0.5525091371957882,0.44598796530615603
"frozenset({'Away_Weak', 'Venue_Home Venue', 'Home_Strong'})",frozenset({'Result_Home Win'}),0.08514500060500949,0.48162787883676844,0.06473601419755576,0.7603031738512552,1.5786112209441563,1.0,0.023727808162609672,2.162615707066366,0.4006446985697689,0.12894673415280788,0.5375969957433996,0.44735701360681007
"frozenset({'Away_Weak', 'Venue_Home Venue', 'Goals_High'})",frozenset({'Result_Home Win'}),0.09083208970273868,0.48162787883676844,0.06880974468600008,0.7575488454706927,1.5728924316016148,1.0,0.025062477992158973,2.138047649926002,0.4006175434494174,0.13662208697044928,0.5322835765448868,0.45020897595534465
"frozenset({'Away_Weak', 'Home_Strong'})",frozenset({'Result_Home Win'}),0.11838018795627799,0.48162787883676844,0.08603234784011617,0.7267461669505962,1.5089370837623426,1.0,0.029017149018436036,1.8970351316883844,0.3825706279507628,0.16738601585184024,0.4728616337695404,0.45268721127029016
"frozenset({'Away_Weak', 'Home_Strong'})","frozenset({'Result_Home Win', 'Venue_Home Venue'})",0.11838018795627799,0.36453837776791836,0.06473601419755576,0.5468483816013628,1.5001119633815656,1.0,0.021581892520112916,1.402315685151248,0.3781483657330564,0.15480324074074073,0.286893806730726,0.36221595889096686
"frozenset({'Home_Medium', 'Goals_High'})","frozenset({'Result_Home Win', 'Away_Weak'})",0.09232444641632719,0.43262211107974025,0.05969426854354051,0.6465705548274355,1.4945388556625592,1.0,0.019752671630640685,1.6053497994295112,0.3645545896945648,0.1283051582141309,0.3770828012964107,0.3922765136620862
"frozenset({'Away_Weak', 'Goals_High'})","frozenset({'Result_Home Win', 'Venue_Home Venue'})",0.1289073528818618,0.36453837776791836,0.06880974468600008,0.5337922403003755,1.4642964166593506,1.0,0.021818067384089583,1.3630438554723043,0.3640005035218029,0.1620440729483283,0.26634789043270135,0.3612754076031641
"frozenset({'Away_Weak', 'Goals_High'})",frozenset({'Result_Home Win'}),0.1289073528818618,0.48162787883676844,0.09059008591134594,0.7027534418022529,1.4591211860483422,1.0,0.028504710976392053,1.7439129465659875,0.36121986204755946,0.17423008300364598,0.4265768816217908,0.4454224457147936
"frozenset({'Venue_Home Venue', 'Goals_High'})","frozenset({'Away_Weak', 'Result_Home Win'})",0.10926471181381842,0.43262211107974025,0.06880974468600008,0.6297526762643042,1.455664562989082,1.0,0.021539414394586523,1.5324294128464444,0.351427131152014,0.1454514451359877,0.3474413949399939,0.3944027226184471
"frozenset({'Home_Medium', 'Goals_High'})",frozenset({'Result_Home Win'}),0.09232444641632719,0.48162787883676844,0.06465534626709152,0.7003058103975536,1.4540391891120128,1.0,0.020189318974816968,1.7296702410242524,0.3440222951145416,0.12695018610913125,0.4218551164944403,0.41727458679998275
"frozenset({'Venue_Home Venue', 'Home_Strong'})",frozenset({'Result_Home Win'}),0.11019239301415722,0.48162787883676844,0.07683620376719236,0.6972913616398244,1.447780313971708,1.0,0.023764475255836276,1.7124457497194063,0.34758915300584486,0.1492011278195489,0.4160398948907693,0.4284128694975774
"frozenset({'Home_Medium', 'Tournament_FIFA World Cup', 'Away_Weak'})","frozenset({'Result_Home Win', 'Venue_Home Venue'})",0.1259629734199169,0.36453837776791836,0.06643004073730488,0.5273775216138328,1.4466995898840183,1.0,0.02051170274798495,1.3445437982593433,0.3532704930641188,0.1566482784858284,0.256253309639591,0.354804051800499
"frozenset({'Result_Home Win', 'Tournament_FIFA World Cup'})","frozenset({'Home_Medium', 'Venue_Home Venue', 'Away_Weak'})",0.12148590327915137,0.38252732626144476,0.06643004073730488,0.546812749003984,1.429473691064506,1.0,0.019958362977474622,1.3625111306230975,0.34198862680822817,0.1518112268411835,0.26606104161315414,0.3602368257883691
"frozenset({'Venue_Home Venue', 'Goals_High'})",frozenset({'Result_Home Win'}),0.10926471181381842,0.48162787883676844,0.07485983947081838,0.685123661867848,1.422516619101378,1.0,0.022234908088218222,1.6462720706110137,0.3334554262642949,0.14506800062529313,0.39256698947164304,0.4202772651521637
"frozenset({'Result_Home Win', 'Home_Medium', 'Tournament_FIFA World Cup'})","frozenset({'Away_Weak', 'Venue_Home Venue'})",0.07941757754204816,0.5958536683741379,0.06643004073730488,0.8364652107668866,1.4038097861330412,1.0,0.019108785825487938,2.471317164507211,0.3124682504871894,0.10910897648227888,0.5953574820901617,0.4739761916556967
"frozenset({'Home_Medium', 'Goals_Medium', 'Venue_Home Venue', 'Away_Weak'})",frozenset({'Result_Home Win'}),0.12789900375105875,0.48162787883676844,0.08562900818779494,0.6695048880479344,1.3900874875950455,1.0,0.02402928230583662,1.5684713704280602,0.3217755959642821,0.16344599276310726,0.36243656157581994,0.4236478464190765
frozenset({'Home_Strong'}),frozenset({'Result_Home Win'}),0.1569394587181866,0.48162787883676844,0.1044649699511959,0.6656386533024929,1.3820600562204763,1.0,0.028878551342965103,1.5503350679831929,0.32790342798475985,0.1955897900619242,0.3549781459172664,0.44126920522088053
"frozenset({'Result_Home Win', 'Tournament_FIFA World Cup'})","frozenset({'Away_Weak', 'Venue_Home Venue'})",0.12148590327915137,0.5958536683741379,0.09970556205380551,0.8207171314741036,1.3773803452675455,1.0,0.027317740929177464,2.2542384275131426,0.31187219822389073,0.16143146346241755,0.5563912016604242,0.4940247134389404
"frozenset({'Venue_Home Venue', 'Home_Strong'})","frozenset({'Away_Weak', 'Result_Home Win'})",0.11019239301415722,0.43262211107974025,0.06473601419755576,0.5874816983894583,1.3579557848377624,1.0,0.017064348506842644,1.3754005257587842,0.29624268930906816,0.13540875727663884,0.2729390593708566,0.3685590479640747
"frozenset({'Away_Weak', 'Goals_Medium', 'Venue_Home Venue'})",frozenset({'Result_Home Win'}),0.2002984713427177,0.48162787883676844,0.12931069253418304,0.6455900120821587,1.340433227497945,1.0,0.03284136464714266,1.4626340646003455,0.31758415849185284,0.23399751842931174,0.31630198953882366,0.4570383692434912
frozenset({'Goals_High'}),"frozenset({'Away_Weak', 'Result_Home Win'})",0.15742346630097204,0.43262211107974025,0.09059008591134594,0.5754547783756085,1.3301557262974513,1.0,0.022485213586729072,1.3364368741434967,0.294582528931813,0.1813776952273278,0.2517416876566761,0.3924262517647202
frozenset({'Goals_High'}),frozenset({'Result_Home Win'}),0.15742346630097204,0.48162787883676844,0.10018956963659097,0.6364335126825519,1.3214216631721387,1.0,0.02437003948292231,1.4257973142354423,0.288685095381143,0.18592814371257485,0.29863803921090176,0.4222281456721527
"frozenset({'Result_Home Win', 'Tournament_FIFA World Cup', 'Away_Weak'})","frozenset({'Home_Medium', 'Venue_Home Venue'})",0.11055539870124632,0.45524946557496065,0.06643004073730488,0.600875592849325,1.3198820389397816,1.0,0.01609975456213579,1.3648639989570683,0.2724807544919768,0.13302641143687907,0.2673262678449071,0.3733978389514633
"frozenset({'Home_Medium', 'Goals_Medium', 'Away_Weak'})",frozenset({'Result_Home Win'}),0.17444439962892752,0.48162787883676844,0.1107167345621748,0.6346820809248555,1.3177851798316675,1.0,0.02669944839394088,1.4189616607790987,0.2921074898379735,0.2030175282893277,0.29525932402504995,0.4322811627302445
"frozenset({'Home_Medium', 'Goals_Medium', 'Venue_Home Venue'})","frozenset({'Result_Home Win', 'Away_Weak'})",0.15084902996813618,0.43262211107974025,0.08562900818779494,0.5676470588235294,1.3121082910135897,1.0,0.020368382388648867,1.31230260022373,0.2801242558566106,0.17200032407032326,0.23798063051196164,0.3827886608680392
"frozenset({'Result_Home Win', 'Tournament_Friendly'})","frozenset({'Home_Medium', 'Venue_Home Venue', 'Away_Weak'})",0.15839148146654297,0.38252732626144476,0.07921590771588755,0.5001273236567354,1.3074290104830706,1.0,0.018626837807901683,1.2352599030928713,0.2793936988675484,0.1715733379924871,0.19045376807246986,0.35360647076974266
"frozenset({'Result_Home Win', 'Tournament_FIFA World Cup'})","frozenset({'Home_Medium', 'Venue_Home Venue'})",0.12148590327915137,0.45524946557496065,0.07163312225224862,0.5896414342629482,1.2952051102756512,1.0,0.016326729709523598,1.3274988751522805,0.2594397919337087,0.14181905294258565,0.2467036931498057,0.3734952985082793
"frozenset({'Away_Weak', 'Tournament_UEFA'})",frozenset({'Venue_Home Venue'}),0.06534102367603759,0.7174605735489856,0.06005727423062961,0.9191358024691358,1.2810959045770904,1.0,0.013177665907741838,3.49399901412705,0.2347576179487041,0.08309615491935933,0.7137949965192413,0.5014219601506912
"frozenset({'Home_Medium', 'Goals_Medium', 'Venue_Home Venue'})",frozenset({'Result_Home Win'}),0.15084902996813618,0.48162787883676844,0.09268745210341629,0.6144385026737967,1.2757536049569922,1.0,0.02003435377527875,1.344460286512126,0.25454788005091544,0.1717103788388254,0.256207111483928,0.4034423482299559
frozenset({'Home_Strong'}),"frozenset({'Away_Weak', 'Result_Home Win'})",0.1569394587181866,0.43262211107974025,0.08603234784011617,0.5481881264456437,1.2671292391354507,1.0,0.018136867897742534,1.2557834845214622,0.25005857486971883,0.17085869913489266,0.20368438323500712,0.3735253516807745
"frozenset({'Result_Home Win', 'Home_Medium', 'Tournament_FIFA World Cup', 'Away_Weak'})",frozenset({'Venue_Home Venue'}),0.07316581293106926,0.7174605735489856,0.06643004073730488,0.9079382579933847,1.2654887132015957,1.0,0.013936454627602138,3.0690210753421527,0.22635273255618685,0.09172932330827066,0.6741632020599552,0.5002643842249361
"frozenset({'Tournament_Other', 'Home_Medium', 'Venue_Home Venue'})","frozenset({'Result_Home Win', 'Away_Weak'})",0.09906021861009155,0.43262211107974025,0.05416851530673981,0.5468241042345278,1.2639763207427417,1.0,0.01131287440762143,1.252003679414338,0.23180898729543675,0.11343863501984967,0.2012803025724495,0.3360169374426415
"frozenset({'Away_Weak', 'Goals_Medium', 'Tournament_Friendly'})",frozenset({'Result_Home Win'}),0.08913806316298956,0.48162787883676844,0.05424918323720405,0.6085972850678733,1.2636255329275423,1.0,0.011317806952395502,1.3243958240124178,0.22904273652566565,0.10502889270654382,0.24493872461000482,0.36061720881816745
"frozenset({'Away_Weak', 'Goals_Medium'})",frozenset({'Result_Home Win'}),0.27697333924898154,0.48162787883676844,0.1685556407050377,0.6085626911314985,1.2635537058222295,1.0,0.03515755882821406,1.3242787782841932,0.28848358718730327,0.28566545901975526,0.24487198889069742,0.4792666901767534
"frozenset({'Home_Medium', 'Tournament_FIFA World Cup', 'Result_Home Win'})",frozenset({'Venue_Home Venue'}),0.07941757754204816,0.7174605735489856,0.07163312225224862,0.9019807008633824,1.257185041404646,1.0,0.014654141519059707,2.8824877237411783,0.22222034731892773,0.09877092486513542,0.6530774470386639,0.5009116456869195
"frozenset({'Away_Weak', 'Tournament_FIFA World Cup', 'Result_Home Win'})",frozenset({'Venue_Home Venue'}),0.11055539870124632,0.7174605735489856,0.09970556205380551,0.9018606348048157,1.2570176927544296,1.0,0.02038642229267254,2.878961218967398,0.22988081422140186,0.1368998172453896,0.6526524937495782,0.5204153635009012
"frozenset({'Result_Home Win', 'Home_Medium', 'Tournament_Friendly'})","frozenset({'Away_Weak', 'Venue_Home Venue'})",0.10660267010849836,0.5958536683741379,0.07921590771588755,0.7430949678395763,1.2471098312899624,1.0,0.01569631567326074,1.5731351317925681,0.22178934132672526,0.12710328760031062,0.3643267003639336,0.4380201028868226
"frozenset({'Goals_Medium', 'Venue_Home Venue'})","frozenset({'Away_Weak', 'Result_Home Win'})",0.2403097648529827,0.43262211107974025,0.12931069253418304,0.5381000335683115,1.2438107525880242,1.0,0.0253473747504097,1.2283566359690796,0.2580251290841883,0.23786912004748478,0.18590418228898462,0.4184999515221755
"frozenset({'Home_Medium', 'Tournament_FIFA World Cup', 'Away_Weak'})",frozenset({'Venue_Home Venue'}),0.1259629734199169,0.7174605735489856,0.11220909127576333,0.8908101184758246,1.241615429917423,1.0,0.021835624119974112,2.587597151925274,0.22264232754768368,0.15345578906724033,0.6135410802813874,0.5236038449361358
"frozenset({'Result_Home Win', 'Tournament_FIFA World Cup'})",frozenset({'Venue_Home Venue'}),0.12148590327915137,0.7174605735489856,0.10777235510022991,0.8871181938911022,1.2364696076648356,1.0,0.020611009255453366,2.5029669190307504,0.2176923413170903,0.147396293027361,0.600474144345767,0.5186659105277414
"frozenset({'Home_Medium', 'Goals_Medium'})","frozenset({'Result_Home Win', 'Away_Weak'})",0.20719557939741057,0.43262211107974025,0.1107167345621748,0.5343585750437998,1.2351624231830065,1.0,0.021079345596877117,1.218486712116795,0.24014734675026114,0.20925445952126845,0.17930988491227187,0.39513938448255626
"frozenset({'Tournament_Other', 'Goals_Medium', 'Away_Weak'})",frozenset({'Result_Home Win'}),0.09506715605211148,0.48162787883676844,0.056427217359738636,0.5935511243105643,1.232385313209264,1.0,0.010640224643316133,1.275368569500769,0.2083750956258266,0.10845802000155051,0.215912933787101,0.3553552455988799
"frozenset({'Tournament_Other', 'Goals_Medium'})","frozenset({'Result_Home Win', 'Away_Weak'})",0.10587665873432017,0.43262211107974025,0.056427217359738636,0.532952380952381,1.231912025074807,1.0,0.010622633744027825,1.214818073748517,0.2105455861265032,0.11705153949129854,0.1768314765729993,0.3316915550109658
"frozenset({'Goals_Low', 'Tournament_FIFA World Cup'})","frozenset({'Home_Medium', 'Venue_Home Venue'})",0.10333561892469649,0.45524946557496065,0.05791957407332715,0.5604996096799375,1.2311922408784168,1.0,0.010876088783001281,1.239476793247736,0.20941966781060198,0.11568516877467172,0.19320796851730274,0.3438628109531964
"frozenset({'Away_Weak', 'Tournament_FIFA World Cup'})","frozenset({'Home_Medium', 'Venue_Home Venue'})",0.2003388053079498,0.45524946557496065,0.11220909127576333,0.560096637809543,1.230307073731904,1.0,0.021004957225393084,1.238341375052252,0.234092626700606,0.20650237529691212,0.19246823198667257,0.4032874435614562
"frozenset({'Home_Medium', 'Tournament_FIFA World Cup', 'Venue_Home Venue', 'Away_Weak'})",frozenset({'Result_Home Win'}),0.11220909127576333,0.48162787883676844,0.06643004073730488,0.592020129403307,1.229206521086692,1.0,0.01238701411995765,1.2705825912564845,0.2100348787906647,0.12595594983175282,0.2129594668764542,0.3649741380623435
"frozenset({'Goals_Medium', 'Venue_Home Venue'})",frozenset({'Result_Home Win'}),0.2403097648529827,0.48162787883676844,0.14225789537369418,0.5919771735481705,1.229117332198291,1.0,0.026518013063789522,1.270448826775209,0.24537372549235079,0.24540773726690787,0.21287660004511288,0.4436730353127336
"frozenset({'Away_Weak', 'Goals_Low', 'Tournament_FIFA World Cup'})",frozenset({'Venue_Home Venue'}),0.08248295889968943,0.7174605735489856,0.07272213931351591,0.8816625916870415,1.2288655630591871,1.0,0.01354386831332733,2.3875749053401827,0.2029840610100139,0.1,0.5811649729759915,0.4915115297090481
"frozenset({'Result_Home Win', 'Tournament_Friendly', 'Away_Weak'})","frozenset({'Home_Medium', 'Venue_Home Venue'})",0.14181422175614083,0.45524946557496065,0.07921590771588755,0.5585893060295791,1.2269960719758444,1.0,0.014655059050475469,1.2341126797928086,0.21557274729499085,0.15297141521925386,0.18970121904274806,0.36629739953733764
"frozenset({'Away_Weak', 'Tournament_FIFA World Cup'})",frozenset({'Venue_Home Venue'}),0.2003388053079498,0.7174605735489856,0.17601742427298028,0.8785987517616268,1.2245951682272327,1.0,0.03228223011262005,2.327318957184394,0.22935163789311658,0.23728997879397534,0.5703210353213438,0.5619663423750793
"frozenset({'Home_Medium', 'Goals_Low', 'Tournament_FIFA World Cup'})",frozenset({'Venue_Home Venue'}),0.06606703505021579,0.7174605735489856,0.05791957407332715,0.8766788766788767,1.2219192370980092,1.0,0.010519081213518397,2.2910870323107004,0.19446289357960073,0.07982212340188993,0.5635259656672932,0.4787037288723819
"frozenset({'Home_Medium', 'Tournament_FIFA World Cup'})","frozenset({'Away_Weak', 'Venue_Home Venue'})",0.1541967490824023,0.5958536683741379,0.11220909127576333,0.7277007585665708,1.2212742778813368,1.0,0.020330392683647433,1.4841992562974746,0.21421425699031885,0.1759200708233211,0.32623601867674545,0.4580086409769157
"frozenset({'Home_Medium', 'Tournament_FIFA World Cup'})",frozenset({'Venue_Home Venue'}),0.1541967490824023,0.7174605735489856,0.1349574476666801,0.8752288778446246,1.2198982217450964,1.0,0.024327359630630735,2.2644616924994283,0.21312223849799938,0.1831918970709006,0.5583939426697754,0.531666608924561
frozenset({'Tournament_UEFA'}),frozenset({'Venue_Home Venue'}),0.101520590489251,0.7174605735489856,0.08877505747590046,0.8744537147397696,1.2188177956792843,1.0,0.01593803639645075,2.2504801784088717,0.19981851325516928,0.12157534246575342,0.5556503853737484,0.49909440852796894
"frozenset({'Away_Weak', 'Goals_Medium', 'Tournament_FIFA World Cup'})",frozenset({'Venue_Home Venue'}),0.06909208244262494,0.7174605735489856,0.06037994595248659,0.8739054290718038,1.218053592476795,1.0,0.010809100855507098,2.2406946181045715,0.19230480024173116,0.08314818929126862,0.5537098219810466,0.479031644151373
"frozenset({'Tournament_Other', 'Home_Medium', 'Venue_Home Venue', 'Away_Weak'})",frozenset({'Result_Home Win'}),0.0925261162424878,0.48162787883676844,0.05416851530673981,0.5854402789886661,1.215544831837032,1.0,0.00960535820386614,1.2504160314915387,0.19540357167193698,0.10417313062364257,0.20026617156598192,0.34895496069858734
"frozenset({'Result_Home Win', 'Tournament_Friendly'})","frozenset({'Away_Weak', 'Venue_Home Venue'})",0.15839148146654297,0.5958536683741379,0.11470979712015489,0.7242169595110772,1.2154275419453149,1.0,0.02033165184910099,1.4654502717403148,0.21060177641458203,0.17936427850655906,0.31761587596388596,0.4583651642475172
"frozenset({'Result_Home Win', 'Tournament_Friendly'})","frozenset({'Home_Medium', 'Venue_Home Venue'})",0.15839148146654297,0.45524946557496065,0.0872020328318477,0.5505474917239623,1.2093314399142552,1.0,0.01509439554257773,1.2120313590295353,0.2056738105880323,0.1656451118602513,0.17493883920570105,0.3710476450380244
"frozenset({'Home_Medium', 'Goals_Medium'})",frozenset({'Result_Home Win'}),0.20719557939741057,0.48162787883676844,0.12055822207881257,0.5818571150476932,1.208105138043502,1.0,0.020767054669282484,1.2397009247744508,0.21727612560667098,0.21215132372773088,0.19335383235118722,0.41608557954880265
"frozenset({'Home_Medium', 'Tournament_FIFA World Cup', 'Away_Weak'})",frozenset({'Result_Home Win'}),0.1259629734199169,0.48162787883676844,0.07316581293106926,0.5808517451168749,1.2060176967324914,1.0,0.012498533230862433,1.236727375395548,0.19544340307580538,0.13690566037735852,0.19141435704035784,0.3663826600971696
"frozenset({'Goals_Low', 'Tournament_FIFA World Cup'})",frozenset({'Venue_Home Venue'}),0.10333561892469649,0.7174605735489856,0.08933973298915017,0.8645589383294302,1.205026408702584,1.0,0.01520050056739801,2.086069194719018,0.18975067150958438,0.12213950923628344,0.5206295157746699,0.494540544046658
"frozenset({'Tournament_Other', 'Venue_Home Venue'})","frozenset({'Result_Home Win', 'Away_Weak'})",0.15706046061388296,0.43262211107974025,0.0818779494212076,0.5213148433487417,1.2050120185666,1.0,0.013930121383273167,1.185284066231487,0.20183269428357886,0.1612390786338364,0.15632038893476594,0.35528729301503836
"frozenset({'Home_Medium', 'Venue_Home Venue', 'Away_Weak'})",frozenset({'Result_Home Win'}),0.38252732626144476,0.48162787883676844,0.2210301294720284,0.5778152678194854,1.199713083916632,1.0,0.03679430472762829,1.2278324668112106,0.2695947186259884,0.34368140482910003,0.18555663982636966,0.5183691530454935
"frozenset({'Goals_Medium', 'Tournament_FIFA World Cup'})","frozenset({'Away_Weak', 'Venue_Home Venue'})",0.08449965716129552,0.5958536683741379,0.06037994595248659,0.7145584725536993,1.199218047114592,1.0,0.010030515256571657,1.4158638206625103,0.18145628349541323,0.09739119120421574,0.29371738622992677,0.4079459931982603
frozenset({'Tournament_FIFA World Cup'}),frozenset({'Venue_Home Venue'}),0.24773121445569313,0.7174605735489856,0.21300367039083612,0.8598176489742755,1.1984179767831804,1.0,0.03526629118146776,2.015513539212695,0.22008967050628717,0.2831787227197169,0.5038485326223,0.5783515948941537
"frozenset({'Goals_Medium', 'Tournament_FIFA World Cup'})",frozenset({'Venue_Home Venue'}),0.08449965716129552,0.7174605735489856,0.07260113741781954,0.8591885441527446,1.1975411274555317,1.0,0.011975964926183802,2.006508808186017,0.18018082846261532,0.09954100536415417,0.5016219236515341,0.48019017942964415
frozenset({'Tournament_FIFA World Cup'}),"frozenset({'Home_Medium', 'Venue_Home Venue'})",0.24773121445569313,0.45524946557496065,0.1349574476666801,0.5447736893520027,1.1966487180033847,1.0,0.022177944679489844,1.1966587204715995,0.21844967248951339,0.23759142228218424,0.16433985488702813,0.4206104647699147
"frozenset({'Tournament_Other', 'Goals_Medium'})",frozenset({'Result_Home Win'}),0.10587665873432017,0.48162787883676844,0.060863953535272054,0.5748571428571428,1.193571153409023,1.0,0.009870802970737017,1.2192892634887837,0.18138229446848322,0.11557019223405073,0.17985007336267841,0.35061423427087945
frozenset({'Tournament_FIFA World Cup'}),"frozenset({'Away_Weak', 'Venue_Home Venue'})",0.24773121445569313,0.5958536683741379,0.17601742427298028,0.710517746662325,1.192436640695798,1.0,0.028405871368775287,1.3961005449077872,0.2145257420530847,0.2636698688900973,0.2837192108781461,0.502960761911681
"frozenset({'Result_Home Win', 'Home_Medium', 'Goals_Medium'})","frozenset({'Away_Weak', 'Venue_Home Venue'})",0.12055822207881257,0.5958536683741379,0.08562900818779494,0.7102709936433589,1.1920225238881605,1.0,0.013793949309470477,1.3949115302883388,0.18317264598500232,0.13575036767056714,0.2831086572255286,0.4269895549006072
"frozenset({'Home_Medium', 'Tournament_Other', 'Venue_Home Venue'})",frozenset({'Result_Home Win'}),0.09906021861009155,0.48162787883676844,0.056548219255435,0.5708469055374593,1.1852447306750045,1.0,0.008838056289150034,1.2078955688585358,0.17347706513830394,0.10788764909580607,0.17211386002102622,0.3441287538322922
"frozenset({'Tournament_Other', 'Venue_Home Venue', 'Result_Home Win'})","frozenset({'Home_Medium', 'Away_Weak'})",0.08700036300568709,0.5262372443834954,0.05416851530673981,0.6226240148354196,1.1831621981922709,1.0,0.008385684018263243,1.255413100571008,0.16955904293623833,0.09689055623692373,0.2034494466043383,0.36277977778637693
"frozenset({'Goals_Low', 'Tournament_FIFA World Cup'})","frozenset({'Away_Weak', 'Venue_Home Venue'})",0.10333561892469649,0.5958536683741379,0.07272213931351591,0.7037470725995316,1.1810736594435922,1.0,0.01114923170352352,1.3641935462786017,0.17098120618395657,0.11608292557301056,0.2669661847265656,0.4128970250968957
"frozenset({'Tournament_Other', 'Venue_Home Venue', 'Away_Weak'})",frozenset({'Result_Home Win'}),0.14399225587867542,0.48162787883676844,0.0818779494212076,0.5686274509803922,1.1806364954490298,1.0,0.012527264653439951,1.201680826332946,0.17873582174186434,0.1505823010162451,0.16783227452200944,0.36931498166639576
"frozenset({'Home_Medium', 'Result_Home Win'})","frozenset({'Away_Weak', 'Venue_Home Venue'})",0.314483926914855,0.5958536683741379,0.2210301294720284,0.7028344234962165,1.179541992942645,1.0,0.033643727975107784,1.360003861755221,0.2220419295738113,0.3206553540081919,0.26470797023370213,0.5368907106988968
"frozenset({'Away_Weak', 'Tournament_FIFA World Cup', 'Venue_Home Venue'})",frozenset({'Result_Home Win'}),0.17601742427298028,0.48162787883676844,0.09970556205380551,0.5664527956003667,1.176121276385553,1.0,0.0149306633628985,1.1956532435287222,0.1817363032214659,0.17870310127954894,0.16363711183628157,0.38673531665120087
"frozenset({'Goals_Medium', 'Tournament_Friendly'})",frozenset({'Result_Home Win'}),0.10704634372605171,0.48162787883676844,0.060541281813415074,0.5655614167294649,1.1742705137738567,1.0,0.008984778347405173,1.1932000082976724,0.1661983990136331,0.11463265617840233,0.16191753851335386,0.34563139088713424
"frozenset({'Result_Home Win', 'Tournament_Friendly', 'Venue_Home Venue'})","frozenset({'Home_Medium', 'Away_Weak'})",0.12838301133384422,0.5262372443834954,0.07921590771588755,0.6170279610430411,1.172528109001312,1.0,0.011655985605910302,1.2370687868148762,0.1688149532868824,0.1376699845787186,0.19163751388899353,0.38378032527510375
"frozenset({'Goals_Medium', 'Tournament_Friendly'})","frozenset({'Away_Weak', 'Result_Home Win'})",0.10704634372605171,0.43262211107974025,0.05424918323720405,0.5067822155237377,1.1714200512287924,1.0,0.007938568031072048,1.15035975339524,0.16387777057795191,0.11175737432488575,0.1307067227895094,0.3160892244875821
"frozenset({'Result_Home Win', 'Tournament_FIFA World Cup', 'Venue_Home Venue'})","frozenset({'Home_Medium', 'Away_Weak'})",0.10777235510022991,0.5262372443834954,0.06643004073730488,0.6163922155688623,1.171320012309251,1.0,0.009716213568640344,1.2350186175680977,0.16392940335029313,0.11704093234792494,0.19029560706613322,0.37131406593573024
"frozenset({'Result_Home Win', 'Home_Medium', 'Goals_Low'})","frozenset({'Away_Weak', 'Venue_Home Venue'})",0.1292300246037188,0.5958536683741379,0.089944742467632,0.6960049937578028,1.1680804041316728,1.0,0.01294255824342605,1.3294505611183391,0.1652497836155141,0.14161427573506064,0.24780956189992054,0.4234780265614303
frozenset({'Goals_Medium'}),"frozenset({'Away_Weak', 'Result_Home Win'})",0.3337635622958093,0.43262211107974025,0.1685556407050377,0.5050151057401813,1.1673354015118698,1.0,0.024162143783130308,1.14625293721073,0.21516111800534285,0.2819457563081905,0.12759220278782357,0.4473145638713959
frozenset({'Goals_Medium'}),frozenset({'Result_Home Win'}),0.3337635622958093,0.48162787883676844,0.1874319364336708,0.5615709969788519,1.1659852380953586,1.0,0.026682099892136546,1.1823399400842725,0.21367220526398256,0.2984777442353394,0.15421955556307781,0.4753671918149431
"frozenset({'Result_Home Win', 'Tournament_Friendly'})","frozenset({'Home_Medium', 'Away_Weak'})",0.15839148146654297,0.5262372443834954,0.0971241882789497,0.6131907308377896,1.1652362834108467,1.0,0.013772691538176646,1.2247968013864472,0.16849278006504398,0.16531649045722918,0.18353803760099754,0.3988771160129011
"frozenset({'Result_Home Win', 'Goals_Low', 'Venue_Home Venue'})","frozenset({'Home_Medium', 'Away_Weak'})",0.14733997499294155,0.5262372443834954,0.089944742467632,0.6104571584998632,1.1600417207547409,1.0,0.012408960039813316,1.216201929913627,0.1618019311784346,0.15411195577055978,0.17776811941827908,0.3906888383133178
"frozenset({'Result_Home Win', 'Goals_Medium'})","frozenset({'Away_Weak', 'Venue_Home Venue'})",0.1874319364336708,0.5958536683741379,0.12931069253418304,0.6899074671831289,1.157847142345584,1.0,0.017628685639712066,1.3033088154513401,0.16777442015767735,0.19773035648205253,0.2327221391089136,0.4534624995835769
"frozenset({'Away_Weak', 'Tournament_Friendly', 'Goals_Low'})","frozenset({'Home_Medium', 'Venue_Home Venue'})",0.124672286532489,0.45524946557496065,0.06558302746743032,0.5260433516661275,1.1555056984015504,1.0,0.008826035651506338,1.149367851131602,0.1537458981169851,0.12750941028858218,0.1299565243490522,0.3350514445935847
"frozenset({'Tournament_Other', 'Home_Medium', 'Venue_Home Venue', 'Result_Home Win'})",frozenset({'Away_Weak'}),0.056548219255435,0.829064655346267,0.05416851530673981,0.9579172610556348,1.1554192485211556,1.0,0.007286385399287443,4.061887342449721,0.14257569519788768,0.06514989812748619,0.7538090262747413,0.5116270810264796
"frozenset({'Result_Home Win', 'Tournament_Other'})","frozenset({'Home_Medium', 'Away_Weak'})",0.15597144355261566,0.5262372443834954,0.09474448433025451,0.6074476338246703,1.1543227704004788,1.0,0.012666501672610145,1.2068778497819652,0.158396509795693,0.16127703398558185,0.17141573177379948,0.3937445113248437
"frozenset({'Result_Home Win', 'Goals_High'})","frozenset({'Away_Weak', 'Venue_Home Venue'})",0.10018956963659097,0.5958536683741379,0.06880974468600008,0.6867954911433173,1.1526244237403551,1.0,0.009111422085211214,1.2903592387643208,0.1471584470847671,0.10970355604141213,0.22502201715731185,0.4011382180552436
"frozenset({'Result_Home Win', 'Venue_Home Venue'})","frozenset({'Home_Medium', 'Away_Weak'})",0.36453837776791836,0.5262372443834954,0.2210301294720284,0.6063288338127905,1.152196733097303,1.0,0.0291964580834094,1.2034479441433301,0.20786882625606054,0.3300210779885576,0.16905421221867126,0.5131743808827882
frozenset({'Result_Home Win'}),"frozenset({'Away_Weak', 'Venue_Home Venue'})",0.48162787883676844,0.5958536683741379,0.3301335054249183,0.685453479608073,1.1503721735546575,1.0,0.04315376702877505,1.2848539259702927,0.2521665477431046,0.4417399751740515,0.22170140917394748,0.6197523947150227
"frozenset({'Away_Weak', 'Venue_Home Venue'})",frozenset({'Result_Home Win'}),0.5958536683741379,0.48162787883676844,0.3301335054249183,0.5540513098219725,1.1503721735546575,1.0,0.04315376702877505,1.162403057975777,0.32343757201540724,0.4417399751740515,0.139713206070352,0.6197523947150227
"frozenset({'Tournament_Other', 'Venue_Home Venue'})",frozenset({'Result_Home Win'}),0.15706046061388296,0.48162787883676844,0.08700036300568709,0.5539291217257318,1.1501184754163025,1.0,0.011355666511096818,1.1620846515887295,0.15484427022048744,0.1576984939318614,0.13947749104778007,0.36728362961757655
"frozenset({'Away_Weak', 'Tournament_Friendly'})","frozenset({'Home_Medium', 'Venue_Home Venue'})",0.278425361997338,0.45524946557496065,0.14556528052272819,0.5228161668839635,1.1484168712283254,1.0,0.0188122832709251,1.141594699191271,0.17910282984545328,0.24751388793635554,0.12403237269021967,0.4212822749897801
"frozenset({'Result_Home Win', 'Goals_Low'})","frozenset({'Home_Medium', 'Away_Weak'})",0.19388537087081031,0.5262372443834954,0.11717016899931432,0.6043270230913251,1.1483927250328216,1.0,0.015140465705987066,1.1973593934009135,0.16029699274862433,0.1943273797578433,0.1648288679978906,0.4134917862448271
"frozenset({'Away_Weak', 'Tournament_FIFA World Cup'})",frozenset({'Result_Home Win'}),0.2003388053079498,0.48162787883676844,0.11055539870124632,0.5518421582444132,1.145785330320219,1.0,0.014066644852086127,1.1566731023440122,0.15911259037169534,0.19347780052234065,0.13545149621488767,0.39069371123007024
"frozenset({'Tournament_Friendly', 'Goals_Low'})","frozenset({'Home_Medium', 'Venue_Home Venue'})",0.14794498447142337,0.45524946557496065,0.07715887548904933,0.5215376226826609,1.145608423777019,1.0,0.009807000373937988,1.1385441369065783,0.1491704036845379,0.14667995706180034,0.12168534571088495,0.34551232157434186
"frozenset({'Result_Home Win', 'Tournament_FIFA World Cup'})","frozenset({'Home_Medium', 'Away_Weak'})",0.12148590327915137,0.5262372443834954,0.07316581293106926,0.602257636122178,1.1444603029337899,1.0,0.0092354059580088,1.1911297328187913,0.14368090453596744,0.12734292734292735,0.16046088646153223,0.37064671489561035
"frozenset({'Result_Home Win', 'Goals_Medium', 'Venue_Home Venue'})","frozenset({'Home_Medium', 'Away_Weak'})",0.14225789537369418,0.5262372443834954,0.08562900818779494,0.6019279841224837,1.1438338706483282,1.0,0.010767605334546515,1.1901433326633988,0.14660253703188267,0.14691024842571448,0.1597650698406894,0.3823236916090306
"frozenset({'Home_Medium', 'Goals_Low', 'Venue_Home Venue', 'Away_Weak'})",frozenset({'Result_Home Win'}),0.16343322712055822,0.48162787883676844,0.089944742467632,0.5503455083909181,1.1426778485500404,1.0,0.011230743958109732,1.152823180545233,0.14925611475980843,0.16202862747947394,0.13256428490009595,0.36854851836931385
frozenset({'Tournament_Friendly'}),"frozenset({'Home_Medium', 'Venue_Home Venue'})",0.33219053765175655,0.45524946557496065,0.1727503730891784,0.5200339970859641,1.1423055630151775,1.0,0.0215208083541574,1.1349773340563178,0.18654646241425732,0.28103674540682416,0.11892513621740768,0.4497485481132842
"frozenset({'Result_Home Win', 'Goals_Low'})","frozenset({'Away_Weak', 'Venue_Home Venue'})",0.19388537087081031,0.5958536683741379,0.13193240027427097,0.6804659871021428,1.1420018424303409,1.0,0.016405090796818428,1.264799099040052,0.15425184666869987,0.20056410570850453,0.20936060062110035,0.45094171892844903
"frozenset({'Home_Medium', 'Tournament_Friendly', 'Result_Home Win'})",frozenset({'Venue_Home Venue'}),0.10660267010849836,0.7174605735489856,0.0872020328318477,0.8180098373060917,1.1401460476911363,1.0,0.010718819993951162,1.5524983453431007,0.13758646684054354,0.11834254748481034,0.35587693023981876,0.46977622515180906
"frozenset({'Result_Home Win', 'Goals_Low', 'Away_Weak'})","frozenset({'Home_Medium', 'Venue_Home Venue'})",0.17335538256766023,0.45524946557496065,0.089944742467632,0.5188459748720335,1.139695955967248,1.0,0.011024797199161829,1.1321749501735103,0.14827774902989582,0.16697865967802322,0.11674428069023604,0.35820920166477555
"frozenset({'Result_Home Win', 'Home_Medium', 'Tournament_Friendly', 'Away_Weak'})",frozenset({'Venue_Home Venue'}),0.0971241882789497,0.7174605735489856,0.07921590771588755,0.8156146179401994,1.136807579412602,1.0,0.009533131887792631,1.5323309434550516,0.1332892671163362,0.1077226853883282,0.34739946075536954,0.463013065660003
"frozenset({'Goals_Medium', 'Tournament_Friendly'})","frozenset({'Home_Medium', 'Venue_Home Venue'})",0.10704634372605171,0.45524946557496065,0.05533820029847134,0.5169555388093444,1.1355434281651526,1.0,0.006605409525432759,1.1277440860874062,0.13367364716724192,0.10915745087119103,0.11327400219902832,0.3192556554682852
"frozenset({'Tournament_Other', 'Venue_Home Venue', 'Result_Home Win'})",frozenset({'Away_Weak'}),0.08700036300568709,0.829064655346267,0.0818779494212076,0.9411219286045434,1.1351610788563582,1.0,0.00974902345089751,2.9032089639220633,0.13041380093786697,0.09815298327047677,0.6555535573129881,0.5199406772674869
frozenset({'Result_Home Win'}),"frozenset({'Home_Medium', 'Away_Weak'})",0.48162787883676844,0.5262372443834954,0.28762150607026177,0.5971861653127879,1.1348230701770483,1.0,0.03417097829293275,1.1761332775086657,0.2291893431985985,0.3993391947135577,0.1497562231057338,0.5718742967285944
"frozenset({'Home_Medium', 'Away_Weak'})",frozenset({'Result_Home Win'}),0.5262372443834954,0.48162787883676844,0.28762150607026177,0.5465624281444009,1.134823070177048,1.0,0.03417097829293275,1.143205048143455,0.25076974619346054,0.3993391947135577,0.12526628392344633,0.5718742967285944
"frozenset({'Result_Home Win', 'Home_Weak'})",frozenset({'Away_Weak'}),0.06267898197071754,0.829064655346267,0.05896825716936232,0.9407979407979408,1.134770291715074,1.0,0.0070033285843544915,2.8873209303467484,0.12670619681559178,0.07080931854506708,0.6536581751305677,0.5059620937266279
"frozenset({'Home_Medium', 'Tournament_Other', 'Result_Home Win'})",frozenset({'Away_Weak'}),0.10075424514984069,0.829064655346267,0.09474448433025451,0.9403522818254603,1.1342327474239182,1.0,0.011212700800428535,2.8657482613760012,0.1316066701476037,0.1134563369397218,0.651050996531061,0.5273155230581935
"frozenset({'Result_Home Win', 'Goals_High'})","frozenset({'Home_Medium', 'Away_Weak'})",0.10018956963659097,0.5262372443834954,0.05969426854354051,0.5958132045088567,1.132214055291491,1.0,0.006970785502012564,1.1721381324217106,0.12977709880753488,0.10533058145327734,0.14685823083501465,0.3546246217225053
"frozenset({'Result_Away Win', 'Tournament_FIFA World Cup'})",frozenset({'Venue_Home Venue'}),0.07272213931351591,0.7174605735489856,0.05896825716936232,0.8108707709373266,1.1301955826315009,1.0,0.006792989387777955,1.4938961463084421,0.12423179292251603,0.08064427160902421,0.3306094252461297,0.44653050577448744
"frozenset({'Home_Medium', 'Tournament_Friendly', 'Venue_Home Venue', 'Away_Weak'})",frozenset({'Result_Home Win'}),0.14556528052272819,0.48162787883676844,0.07921590771588755,0.5441950678858409,1.1299077395606443,1.0,0.009107610425446805,1.1372674682541657,0.1345591252438146,0.14456057706462536,0.12069937115574653,0.3543352024798939
"frozenset({'Result_Home Win', 'Tournament_Friendly'})",frozenset({'Venue_Home Venue'}),0.15839148146654297,0.7174605735489856,0.12838301133384422,0.8105423987776929,1.1297378959352,1.0,0.014743368195584777,1.491306892033781,0.1364517251276106,0.17175696093244114,0.329447208122104,0.49474162889188217
"frozenset({'Tournament_Other', 'Goals_Low', 'Result_Home Win'})",frozenset({'Away_Weak'}),0.05961360061307627,0.829064655346267,0.05582220788125681,0.9364005412719892,1.1294662427514683,1.0,0.006398678635026717,2.687685525512953,0.12189249025968804,0.06702503753208389,0.6279326615753728,0.5018660453866636
"frozenset({'Away_Weak', 'Tournament_Friendly', 'Result_Home Win'})",frozenset({'Venue_Home Venue'}),0.14181422175614083,0.7174605735489856,0.11470979712015489,0.8088737201365189,1.1274120836150614,1.0,0.012963684241591056,1.4782866419669156,0.13168812661757756,0.15406283856988082,0.3235412053311511,0.484378393686429
"frozenset({'Home_Medium', 'Tournament_Other', 'Venue_Home Venue'})",frozenset({'Away_Weak'}),0.09906021861009155,0.829064655346267,0.0925261162424878,0.9340390879478828,1.1266179084160477,1.0,0.01039879024198638,2.591464237466473,0.1247448775375102,0.11073031809624946,0.6141177695827889,0.5228210521228103
"frozenset({'Result_Home Win', 'Goals_Low'})","frozenset({'Home_Medium', 'Venue_Home Venue'})",0.19388537087081031,0.45524946557496065,0.09942322429718066,0.5127938423132932,1.1264018545648515,1.0,0.011157012825441223,1.1181109389330337,0.1392077090880453,0.1808643334067063,0.10563436490992728,0.36559334181758396
"frozenset({'Result_Home Win', 'Goals_Medium'})","frozenset({'Home_Medium', 'Away_Weak'})",0.1874319364336708,0.5262372443834954,0.1107167345621748,0.5907036797934151,1.1225045093215404,1.0,0.012083068823857415,1.1575055338327533,0.13430872662351706,0.18362432269717033,0.13607324477423285,0.4005484368155394
"frozenset({'Result_Home Win', 'Away_Weak'})","frozenset({'Home_Medium', 'Venue_Home Venue'})",0.43262211107974025,0.45524946557496065,0.2210301294720284,0.5109080738392691,1.12225957957801,1.0,0.024079144607065395,1.1137998917733458,0.19200704760689086,0.3314582955301518,0.10217265472360419,0.49821119116788476
"frozenset({'Tournament_Other', 'Venue_Home Venue'})","frozenset({'Home_Medium', 'Away_Weak'})",0.15706046061388296,0.5262372443834954,0.0925261162424878,0.5891114535182331,1.1194788278590904,1.0,0.009875052247435526,1.1530201064816679,0.12661310033772671,0.15661910288796338,0.13271243547399564,0.38246865693463583
"frozenset({'Result_Home Win', 'Home_Medium', 'Tournament_FIFA World Cup', 'Venue_Home Venue'})",frozenset({'Away_Weak'}),0.07163312225224862,0.829064655346267,0.06643004073730488,0.9273648648648648,1.1185676037263241,1.0,0.0070415509258673625,2.353342419418833,0.1141784566772654,0.07962676464900406,0.5750724621506828,0.5037456773849986
"frozenset({'Tournament_Other', 'Goals_Medium', 'Result_Home Win'})",frozenset({'Away_Weak'}),0.060863953535272054,0.829064655346267,0.056427217359738636,0.9271040424121935,1.1182530052797623,1.0,0.005967064699007096,2.3449221371134805,0.11260135132231172,0.06769900798451488,0.5735466077219238,0.49758267068310963
"frozenset({'Result_Home Win', 'Goals_Medium', 'Away_Weak'})","frozenset({'Home_Medium', 'Venue_Home Venue'})",0.1685556407050377,0.45524946557496065,0.08562900818779494,0.5080162718353674,1.115907453496435,1.0,0.008894142837181443,1.1072531533863035,0.12492518312397262,0.15910964550700743,0.09686416611981809,0.348054383813493
"frozenset({'Result_Home Win', 'Tournament_FIFA World Cup', 'Venue_Home Venue'})",frozenset({'Away_Weak'}),0.10777235510022991,0.829064655346267,0.09970556205380551,0.9251497005988024,1.1158957201141382,1.0,0.010355311616777899,2.283696204573873,0.11640405542391227,0.11910383040231272,0.5621133853105494,0.5227062052008851
"frozenset({'Tournament_Other', 'Goals_Low', 'Venue_Home Venue'})",frozenset({'Away_Weak'}),0.06348566127535998,0.829064655346267,0.058685919412737465,0.9243964421855145,1.1149871559769138,1.0,0.00605220152805129,2.2609431301258436,0.11011970437174559,0.07037825287801103,0.5577066991754276,0.49759106954812093
"frozenset({'Tournament_Other', 'Result_Home Win'})",frozenset({'Away_Weak'}),0.15597144355261566,0.829064655346267,0.14415359173960393,0.9242306697698475,1.1147872048457226,1.0,0.014843180646794879,2.255996511180838,0.1219956554343093,0.17143131235610135,0.5567369031627722,0.5490528196818102
"frozenset({'Result_Home Win', 'Home_Medium', 'Goals_Medium', 'Venue_Home Venue'})",frozenset({'Away_Weak'}),0.09268745210341629,0.829064655346267,0.08562900818779494,0.92384682332463,1.1143242174987862,1.0,0.00878511765475247,2.2446252686530146,0.1130758214234449,0.10241196333815726,0.5544913380574684,0.5135653479308628
"frozenset({'Tournament_Other', 'Result_Draw'})",frozenset({'Away_Weak'}),0.06872907675553584,0.829064655346267,0.06348566127535998,0.9237089201877934,1.1141578816937954,1.0,0.006504812942764525,2.240567902230467,0.11002290842633523,0.07609378776891468,0.5536845819292029,0.5001419813782557
"frozenset({'Home_Medium', 'Result_Home Win', 'Goals_High'})",frozenset({'Away_Weak'}),0.06465534626709152,0.829064655346267,0.05969426854354051,0.9232688708671241,1.113627103644301,1.0,0.006090806174320729,2.227718353495395,0.10908636644406372,0.07157365315794564,0.5511102207193505,0.49763540843283227
"frozenset({'Tournament_Other', 'Home_Weak'})",frozenset({'Away_Weak'}),0.07498084136651474,0.829064655346267,0.0692130843383213,0.923076923076923,1.11339558033793,1.0,0.007049118933218627,2.2221594804985267,0.11010217726228885,0.08290656102038844,0.5499872944422257,0.50328013023221
"frozenset({'Home_Medium', 'Tournament_FIFA World Cup', 'Result_Home Win'})",frozenset({'Away_Weak'}),0.07941757754204816,0.829064655346267,0.07316581293106926,0.9212798374809549,1.111227974247887,1.0,0.00732350637773567,2.1714302814400033,0.1087296984431176,0.08759053597295993,0.539474046877139,0.5047654356463398
"frozenset({'Result_Home Win', 'Tournament_Friendly', 'Goals_Low'})",frozenset({'Venue_Home Venue'}),0.06840640503367885,0.7174605735489856,0.05449118702859678,0.7965801886792454,1.1102773003105764,1.0,0.005412288438709334,1.388947441336002,0.10661742049036148,0.0745050460486406,0.280030352308998,0.4362651336919951
"frozenset({'Home_Medium', 'Tournament_Friendly'})","frozenset({'Away_Weak', 'Venue_Home Venue'})",0.22018311620215383,0.5958536683741379,0.14556528052272819,0.661110093423704,1.1095175351149997,1.0,0.01436836301962574,1.192559364511125,0.12657759988383452,0.21710882512181917,0.16146731998541836,0.45270356089312863
"frozenset({'Result_Home Win', 'Venue_Home Venue', 'Goals_High'})",frozenset({'Away_Weak'}),0.07485983947081838,0.829064655346267,0.06880974468600008,0.9191810344827586,1.1086964431005124,1.0,0.006746097675849161,2.115039997848854,0.10597297935355933,0.08239555662883362,0.5271957026736748,0.5010889361175651
"frozenset({'Home_Medium', 'Goals_Medium', 'Result_Home Win'})",frozenset({'Away_Weak'}),0.12055822207881257,0.829064655346267,0.1107167345621748,0.9183673469387754,1.1077149906423285,1.0,0.01076617372524534,2.0939579720082264,0.1105709451884466,0.13197749891821722,0.5224354961427701,0.5259557483903315
"frozenset({'Home_Medium', 'Venue_Home Venue', 'Result_Home Win'})",frozenset({'Away_Weak'}),0.24091477433146452,0.829064655346267,0.2210301294720284,0.9174619119370502,1.1066228743690238,1.0,0.02129620512308908,2.0709874515552706,0.1269288088460019,0.2603572786012923,0.51713855182994,0.5920318559928501
"frozenset({'Tournament_Other', 'Venue_Home Venue'})",frozenset({'Away_Weak'}),0.15706046061388296,0.829064655346267,0.14399225587867542,0.9167950693374421,1.1058185431322405,1.0,0.013778979231300587,2.054389605190233,0.11352237914161774,0.17098520044063412,0.5132374124783396,0.5452377195385825
"frozenset({'Away_Weak', 'Tournament_Friendly', 'Venue_Home Venue'})",frozenset({'Result_Home Win'}),0.21578671399185254,0.48162787883676844,0.11470979712015489,0.531588785046729,1.1037334182784986,1.0,0.010780899779102529,1.1066603544386628,0.11984510531089732,0.19685747906139683,0.09638038808462128,0.38487989625002056
"frozenset({'Home_Medium', 'Tournament_Other', 'Goals_Low'})",frozenset({'Away_Weak'}),0.0800629209857621,0.829064655346267,0.0732464808615335,0.9148614609571789,1.103486266188827,1.0,0.006869142868457231,2.007731710873729,0.10194305904721601,0.08762787106736153,0.5019254840753509,0.5016048973479643
"frozenset({'Home_Medium', 'Result_Home Win'})",frozenset({'Away_Weak'}),0.314483926914855,0.829064655346267,0.28762150607026177,0.9145825317429781,1.103149827754982,1.0,0.02689399759065686,2.001175498896631,0.1364006260276738,0.33603505961076297,0.50029370210091,0.6307527107754054
"frozenset({'Home_Medium', 'Tournament_Friendly', 'Goals_Low'})","frozenset({'Away_Weak', 'Venue_Home Venue'})",0.09978622998426975,0.5958536683741379,0.06558302746743032,0.6572352465642683,1.103014517570426,1.0,0.006125036278077797,1.1790778590122437,0.10374604574935926,0.10409064720568463,0.1518795876315274,0.3836504534452696
"frozenset({'Home_Medium', 'Tournament_FIFA World Cup', 'Venue_Home Venue'})",frozenset({'Result_Home Win'}),0.1349574476666801,0.48162787883676844,0.07163312225224862,0.5307830245068739,1.102060424302732,1.0,0.006633852999321288,1.1047599473962884,0.10705685752895147,0.13144844941159056,0.09482598246178991,0.3397571432726145
"frozenset({'Result_Home Win', 'Tournament_Friendly', 'Venue_Home Venue', 'Away_Weak'})",frozenset({'Home_Medium'}),0.11470979712015489,0.6272738272899608,0.07921590771588755,0.690576652601969,1.1009173706250397,1.0,0.007261454248673055,1.2045832218038082,0.10354414450310136,0.11952288218111005,0.16983734963322344,0.4084313304162108
"frozenset({'Tournament_Friendly', 'Home_Weak'})",frozenset({'Away_Weak'}),0.056386883394506516,0.829064655346267,0.05138547170572339,0.9113018597997139,1.0991927516426323,1.0,0.004637099658206696,1.9271581598864413,0.09563395417515651,0.061608394990086565,0.4811012293568445,0.48664095665733687
"frozenset({'Tournament_Other', 'Goals_Low'})","frozenset({'Home_Medium', 'Away_Weak'})",0.12664865082886298,0.5262372443834954,0.0732464808615335,0.5783439490445861,1.0990175158015192,1.0,0.006599243844465155,1.12357632374307,0.1031616825333336,0.12636559738361977,0.10998480577749205,0.35876651732906856
"frozenset({'Home_Medium', 'Tournament_Friendly', 'Result_Home Win'})",frozenset({'Away_Weak'}),0.10660267010849836,0.829064655346267,0.0971241882789497,0.9110858872493379,1.0989322501859808,1.0,0.008743682326455698,1.9224770890204954,0.10076792557539582,0.11582491582491583,0.4798377542644728,0.5141174996937519
frozenset({'Result_Home Win'}),"frozenset({'Home_Medium', 'Venue_Home Venue'})",0.48162787883676844,0.45524946557496065,0.24091477433146452,0.5002093626999413,1.0987588136280364,1.0,0.021653939885023787,1.0899574617240944,0.17339311787367262,0.3461605331787888,0.08253300232634721,0.5147011197304083
"frozenset({'Home_Medium', 'Venue_Home Venue'})",frozenset({'Result_Home Win'}),0.45524946557496065,0.48162787883676844,0.24091477433146452,0.5291928767608753,1.0987588136280364,1.0,0.021653939885023787,1.1010286284473831,0.16499691625295718,0.3461605331787888,0.09175840285810632,0.5147011197304083
"frozenset({'Home_Medium', 'Tournament_Other', 'Away_Weak'})",frozenset({'Result_Home Win'}),0.17908280563062154,0.48162787883676844,0.09474448433025451,0.529054054054054,1.0984705771846714,1.0,0.008493212518240964,1.1007040736321128,0.1091990103912434,0.167403078677309,0.09149059774059771,0.3628856234594866
"frozenset({'Away_Weak', 'Tournament_Friendly', 'Goals_Low', 'Venue_Home Venue'})",frozenset({'Home_Medium'}),0.09522849191303998,0.6272738272899608,0.06558302746743032,0.6886912325285895,1.097911633750085,1.0,0.005848686878086651,1.1972877466236767,0.09856619562985927,0.09983422361392522,0.16477889060505588,0.39662185083219603
"frozenset({'Result_Home Win', 'Tournament_FIFA World Cup'})",frozenset({'Away_Weak'}),0.12148590327915137,0.829064655346267,0.11055539870124632,0.9100265604249669,1.0976545128978936,1.0,0.009835730169686752,1.8998422808009008,0.10126932521760976,0.13161432824354174,0.473640517370506,0.5216880552064022
"frozenset({'Tournament_Friendly', 'Goals_Low', 'Venue_Home Venue'})","frozenset({'Home_Medium', 'Away_Weak'})",0.1136207800588876,0.5262372443834954,0.06558302746743032,0.5772097976570819,1.096862306531159,1.0,0.005791541264538111,1.1205622859544024,0.09962839367199625,0.11420143278550354,0.10759088313570839,0.35091807427117144
"frozenset({'Result_Home Win', 'Goals_Medium', 'Venue_Home Venue'})",frozenset({'Away_Weak'}),0.14225789537369418,0.829064655346267,0.12931069253418304,0.9089878083356961,1.096401592413861,1.0,0.011369699535905956,1.8781587557436656,0.10250801436857303,0.1535734815098678,0.4675636460752513,0.5324797956784294
"frozenset({'Tournament_Other', 'Goals_Low'})",frozenset({'Away_Weak'}),0.12664865082886298,0.829064655346267,0.11507280280724398,0.9085987261146498,1.0959322897864516,1.0,0.01007288275774297,1.8701637010896233,0.10022869881413031,0.13688705498512618,0.46528745081654366,0.5236985360079451
"frozenset({'Result_Home Win', 'Home_Medium', 'Tournament_Friendly', 'Venue_Home Venue'})",frozenset({'Away_Weak'}),0.0872020328318477,0.829064655346267,0.07921590771588755,0.9084181313598519,1.0957144602678088,1.0,0.006919784420657868,1.8664758340473255,0.09569858081767156,0.0946369199633788,0.46423094167173423,0.5019833298492279
"frozenset({'Home_Medium', 'Tournament_Other'})",frozenset({'Away_Weak'}),0.19727342395030856,0.829064655346267,0.17908280563062154,0.907789818033122,1.0949566022133395,1.0,0.01553038239428095,1.8537578064332751,0.10803404022050388,0.21136818051985148,0.4605552049304374,0.5618978280143717
"frozenset({'Home_Medium', 'Goals_Medium', 'Tournament_Friendly'})",frozenset({'Venue_Home Venue'}),0.07046343726051708,0.7174605735489856,0.05533820029847134,0.7853463079564968,1.0946194632991582,1.0,0.0047834621873077895,1.3162570080264588,0.09299312390556688,0.07553818201838904,0.24026995191512146,0.431238478916409
"frozenset({'Home_Medium', 'Goals_Medium', 'Tournament_Other'})",frozenset({'Away_Weak'}),0.06562336143266244,0.829064655346267,0.059532932682612026,0.9071911493546405,1.0942345008975725,1.0,0.005126923153778225,1.8418000380902233,0.0921674472939153,0.07128368588814836,0.45705289427786755,0.48949924774956544
"frozenset({'Home_Medium', 'Goals_Low', 'Result_Home Win'})",frozenset({'Away_Weak'}),0.1292300246037188,0.829064655346267,0.11717016899931432,0.9066791510611735,1.0936169395407285,1.0,0.01003012319084258,1.8316951313396654,0.09830729919273443,0.13930181260189892,0.4540576196931747,0.5240036475325327
"frozenset({'Home_Medium', 'Tournament_Friendly'})",frozenset({'Venue_Home Venue'}),0.22018311620215383,0.7174605735489856,0.1727503730891784,0.7845759296574464,1.0935457063187017,1.0,0.01477766825297816,1.3115499396225232,0.10969688236776362,0.22584897700906983,0.2375433296212802,0.5126781154920917
"frozenset({'Tournament_Friendly', 'Goals_Low'})","frozenset({'Home_Medium', 'Away_Weak'})",0.14794498447142337,0.5262372443834954,0.08510466663977735,0.5752453653217012,1.0931293280003784,1.0,0.007250505691176495,1.115379837998292,0.09998786281163229,0.14447107155083874,0.1034444357586359,0.36848418338898736
"frozenset({'Result_Home Win', 'Venue_Home Venue'})",frozenset({'Away_Weak'}),0.36453837776791836,0.829064655346267,0.3301335054249183,0.9056207125470237,1.0923402737133718,1.0,0.027907620900271768,1.8111531594143477,0.13302825198078316,0.38233370702541114,0.44786557956072653,0.6519103319485301
"frozenset({'Result_Home Win', 'Tournament_Friendly', 'Away_Weak'})",frozenset({'Home_Medium'}),0.14181422175614083,0.6272738272899608,0.0971241882789497,0.6848691695108078,1.091818500493921,1.0,0.008167838633828,1.1827664469751786,0.0979937627032263,0.14453781512605043,0.1545245449281959,0.41985228022865495
"frozenset({'Home_Medium', 'Venue_Neutral Venue', 'Result_Home Win'})",frozenset({'Away_Weak'}),0.07356915258339047,0.829064655346267,0.06659137659823337,0.9051535087719298,1.0917767425435396,1.0,0.005597792467567815,1.8022316106844438,0.09073728768126867,0.07965071401003473,0.44513236030732795,0.49273729926555626
"frozenset({'Result_Home Win', 'Home_Medium', 'Goals_Low', 'Venue_Home Venue'})",frozenset({'Away_Weak'}),0.09942322429718066,0.829064655346267,0.089944742467632,0.9046653144016227,1.0911878929681067,1.0,0.007516461282275302,1.7930026577508575,0.09279335966182137,0.10726310726310727,0.44227634260486826,0.5065773665172794
"frozenset({'Home_Medium', 'Tournament_Friendly', 'Away_Weak'})",frozenset({'Venue_Home Venue'}),0.18602024765054653,0.7174605735489856,0.14556528052272819,0.7825238508239375,1.0906855089654757,1.0,0.012103086951642722,1.2991743118565084,0.1021467962102846,0.19206002873716138,0.23028034739156059,0.49270671965527885
"frozenset({'Result_Home Win', 'Goals_High'})",frozenset({'Away_Weak'}),0.10018956963659097,0.829064655346267,0.09059008591134594,0.9041867954911433,1.0906107137247345,1.0,0.0075264548912948315,1.784047882856608,0.0923333873654369,0.1080171211465397,0.43947692794051846,0.5067273067701399
frozenset({'Tournament_Friendly'}),"frozenset({'Away_Weak', 'Venue_Home Venue'})",0.33219053765175655,0.5958536683741379,0.21578671399185254,0.649587178241865,1.090179036766436,1.0,0.017849763532876234,1.1533434467327097,0.12386687958166602,0.3029616626083017,0.13295557985534504,0.5058671693009906
"frozenset({'Tournament_Other', 'Venue_Neutral Venue', 'Result_Home Win'})",frozenset({'Away_Weak'}),0.06897108054692856,0.829064655346267,0.06227564231839632,0.9029239766081872,1.0890875286814297,1.0,0.00509415719589737,1.7608399961318293,0.08785995076564222,0.07451377829255346,0.4320892288925877,0.48901976013576476
"frozenset({'Away_Weak', 'Tournament_Friendly', 'Goals_Low'})",frozenset({'Home_Medium'}),0.124672286532489,0.6272738272899608,0.08510466663977735,0.6826269815593659,1.0882440042310544,1.0,0.0069010043095523305,1.1744103973972793,0.09263780261805647,0.12762354079719349,0.14850890096324623,0.4091504249360615
"frozenset({'Goals_Medium', 'Tournament_Friendly'})","frozenset({'Away_Weak', 'Venue_Home Venue'})",0.10704634372605171,0.5958536683741379,0.06933408623401767,0.6477015825169555,1.0870145085861287,1.0,0.00555012963881088,1.1471704429251743,0.0896452765344435,0.10943468296409474,0.12828995362703371,0.3820312556191357
"frozenset({'Result_Home Win', 'Goals_Low', 'Venue_Home Venue', 'Away_Weak'})",frozenset({'Home_Medium'}),0.13193240027427097,0.6272738272899608,0.089944742467632,0.6817487007031489,1.0868438487997152,1.0,0.007187000804038959,1.1711693668919674,0.09204884937844388,0.1343940215753631,0.1461525307361942,0.41256930919931106
"frozenset({'Away_Weak', 'Goals_Low', 'Venue_Home Venue'})",frozenset({'Result_Home Win'}),0.252329286492155,0.48162787883676844,0.13193240027427097,0.5228580562659847,1.0856058779836328,1.0,0.010403581252659097,1.086410716916977,0.10546807761854907,0.21914779579257676,0.07953779870857132,0.3983941064346421
frozenset({'Tournament_Friendly'}),frozenset({'Venue_Home Venue'}),0.33219053765175655,0.7174605735489856,0.25862138506836607,0.7785332685769791,1.0851234162260537,1.0,0.02028777139719093,1.27576464706719,0.11746739585147754,0.3269426881501121,0.2161563637157806,0.5695004998158113
"frozenset({'Result_Home Win', 'Goals_Medium'})",frozenset({'Away_Weak'}),0.1874319364336708,0.829064655346267,0.1685556407050377,0.8992898644286637,1.0847041405390347,1.0,0.013162446924773002,1.6973003132604636,0.09610225825273072,0.1987822860676402,0.41082907238788546,0.5512990309737578
"frozenset({'Away_Weak', 'Goals_Medium', 'Tournament_Friendly'})",frozenset({'Venue_Home Venue'}),0.08913806316298956,0.7174605735489856,0.06933408623401767,0.7778280542986425,1.0841404851712528,1.0,0.00538104031205347,1.2717151373864395,0.08520535596733618,0.09404234367306746,0.21366037833351095,0.4372331186716959
"frozenset({'Home_Medium', 'Tournament_Friendly', 'Away_Weak'})",frozenset({'Result_Home Win'}),0.18602024765054653,0.48162787883676844,0.0971241882789497,0.5221162185602775,1.0840656064621856,1.0,0.00753165098232661,1.084724239022152,0.09526846820329163,0.1702368328031106,0.0781067076536694,0.3618871855719066
frozenset({'Away_Weak'}),frozenset({'Result_Home Win'}),0.829064655346267,0.48162787883676844,0.43262211107974025,0.5218195086353685,1.0834495500876553,1.0,0.03332145970678113,1.0840511700590318,0.4505919555952786,0.4926963711529628,0.07753431976320355,0.7100346182319293
frozenset({'Result_Home Win'}),frozenset({'Away_Weak'}),0.48162787883676844,0.829064655346267,0.43262211107974025,0.8982497278284901,1.0834495500876553,1.0,0.03332145970678113,1.6799497535063586,0.14858455554098907,0.4926963711529628,0.40474410147516654,0.7100346182319293
"frozenset({'Tournament_Other', 'Goals_Medium'})",frozenset({'Away_Weak'}),0.10587665873432017,0.829064655346267,0.09506715605211148,0.8979047619047619,1.083033459591572,1.0,0.007288560469327993,1.6742734317763017,0.08574599153882867,0.11319214330307832,0.4027259938425582,0.5062863629518944
"frozenset({'Goals_Medium', 'Tournament_Friendly'})",frozenset({'Venue_Home Venue'}),0.10704634372605171,0.7174605735489856,0.0831686363086355,0.7769404672192916,1.0829033620287776,1.0,0.00636710514262058,1.2666547935827566,0.08573408579047047,0.11218715995647441,0.21051891559855745,0.44643065636656054
"frozenset({'Result_Home Win', 'Tournament_Friendly', 'Venue_Home Venue'})",frozenset({'Home_Medium'}),0.12838301133384422,0.6272738272899608,0.0872020328318477,0.6792334275840403,1.0828340001344594,1.0,0.006670729953456814,1.1619857078707687,0.08776494076944724,0.13045314668436614,0.13940421708593345,0.4091254586479872
"frozenset({'Tournament_Friendly', 'Goals_Low', 'Venue_Home Venue'})",frozenset({'Home_Medium'}),0.1136207800588876,0.6272738272899608,0.07715887548904933,0.6790912318068868,1.0826073116118922,1.0,0.005887533921840049,1.161470828013474,0.08608509573053232,0.11624939231891103,0.139022715094486,0.4010489595248426
"frozenset({'Result_Home Win', 'Tournament_Friendly', 'Goals_Low'})",frozenset({'Away_Weak'}),0.06840640503367885,0.829064655346267,0.061347961118057515,0.8968160377358491,1.0817202638572079,1.0,0.004634628505333409,1.6566076830441776,0.08109392122300906,0.07337192474674385,0.39635677762739646,0.4854063161192016
"frozenset({'Result_Home Win', 'Goals_Medium', 'Tournament_Friendly'})",frozenset({'Away_Weak'}),0.060541281813415074,0.829064655346267,0.05424918323720405,0.8960692871419054,1.0808195493120536,1.0,0.004056546296343853,1.644704822597776,0.07959495322675691,0.06494133552218628,0.3919881633103493,0.4807517440331273
"frozenset({'Result_Home Win', 'Venue_Neutral Venue'})","frozenset({'Home_Medium', 'Away_Weak'})",0.11708950106885008,0.5262372443834954,0.06659137659823337,0.5687220117120221,1.0807331061835028,1.0,0.004974520209523367,1.098509009229004,0.08460899287473089,0.11546261976361982,0.08967519465146963,0.3476322559518185
"frozenset({'Tournament_Friendly', 'Goals_Low'})","frozenset({'Away_Weak', 'Venue_Home Venue'})",0.14794498447142337,0.5958536683741379,0.09522849191303998,0.6436750272628136,1.080256884243345,1.0,0.007074930198187487,1.13420714950548,0.08719420363951692,0.14682835820895523,0.11832684140987385,0.4017468076136717
"frozenset({'Away_Weak', 'Tournament_Friendly'})",frozenset({'Venue_Home Venue'}),0.278425361997338,0.7174605735489856,0.21578671399185254,0.7750253512965377,1.0802340642396593,1.0,0.016027494082658494,1.255872286407825,0.10293419286083692,0.27661444599555346,0.20374069017773863,0.5378949558371602
"frozenset({'Result_Home Win', 'Goals_Low', 'Venue_Home Venue'})",frozenset({'Away_Weak'}),0.14733997499294155,0.829064655346267,0.13193240027427097,0.8954284150013688,1.0800465430858155,1.0,0.009778034688020285,1.6346251675918508,0.08692089857053506,0.15623059655155946,0.38823895543391646,0.5272812228254229
"frozenset({'Result_Home Win', 'Tournament_Friendly'})",frozenset({'Away_Weak'}),0.15839148146654297,0.829064655346267,0.14181422175614083,0.8953399541634836,1.0799398435210532,1.0,0.010497442764296733,1.6332435485528203,0.0879535972918695,0.16770008585328627,0.38772144492101185,0.5331966129367649
frozenset({'Tournament_Other'}),frozenset({'Away_Weak'}),0.31855765740329933,0.829064655346267,0.28495946436494174,0.8945302608255254,1.0789632087884824,1.0,0.020854569921961164,1.6207051045320322,0.10739623003493343,0.33032541612118954,0.38298460515508564,0.6191211265207657
"frozenset({'Goals_Low', 'Home_Weak'})","frozenset({'Away_Weak', 'Venue_Home Venue'})",0.08691969507522285,0.5958536683741379,0.05586254184648893,0.642691415313225,1.0786061233236843,1.0,0.004071122681955912,1.131084863186666,0.07981500068732075,0.08910763687833753,0.11589303990626626,0.36822176532939394
"frozenset({'Result_Home Win', 'Goals_Low'})",frozenset({'Away_Weak'}),0.19388537087081031,0.829064655346267,0.17335538256766023,0.894112752236322,1.078459618885679,1.0,0.012611874389968719,1.6143147382131517,0.09024964520301496,0.2040448157994683,0.38054211094741214,0.5516051477065823
"frozenset({'Result_Home Win', 'Home_Medium', 'Goals_Medium', 'Away_Weak'})",frozenset({'Venue_Home Venue'}),0.1107167345621748,0.7174605735489856,0.08562900818779494,0.7734061930783243,1.0779772737233468,1.0,0.0061941163073462036,1.2468982726817275,0.08134265101893898,0.11531776208582292,0.19800995645837155,0.44637815837860445
"frozenset({'Home_Medium', 'Tournament_Friendly', 'Goals_Low'})",frozenset({'Venue_Home Venue'}),0.09978622998426975,0.7174605735489856,0.07715887548904933,0.7732417138237672,1.0777480217468327,1.0,0.005566189692244164,1.2459938342955605,0.08013577867862715,0.10425636274456374,0.19742781025448378,0.44039306289344415
"frozenset({'Result_Home Win', 'Tournament_Friendly', 'Venue_Home Venue'})",frozenset({'Away_Weak'}),0.12838301133384422,0.829064655346267,0.11470979712015489,0.8934967012252593,1.077716551373284,1.0,0.008271980076345428,1.604976997146998,0.082733858953407,0.1361156312817077,0.3769381107781627,0.5159285987274436
"frozenset({'Result_Home Win', 'Goals_Low', 'Away_Weak'})",frozenset({'Home_Medium'}),0.17335538256766023,0.6272738272899608,0.11717016899931432,0.6758957654723127,1.0775130988525623,1.0,0.008428874694782734,1.1500194474571057,0.08702292948324165,0.17143700206550605,0.13044948743156032,0.43134423047278186
"frozenset({'Tournament_Other', 'Goals_Low', 'Venue_Neutral Venue'})",frozenset({'Away_Weak'}),0.06316298955350301,0.829064655346267,0.056386883394506516,0.89272030651341,1.0767800807291157,1.0,0.0040206812296916805,1.593361605522296,0.07611276723792117,0.06746127491193361,0.37239607347498194,0.4803664777519616
"frozenset({'Tournament_Friendly', 'Result_Draw'})",frozenset({'Venue_Home Venue'}),0.0892187310934538,0.7174605735489856,0.06889041261646432,0.7721518987341772,1.0762290322305181,1.0,0.004879490634842248,1.2400341494238964,0.0777681221918035,0.09337415263503171,0.19357059604803076,0.4340858436778599
"frozenset({'Home_Medium', 'Goals_Low', 'Away_Weak'})",frozenset({'Result_Home Win'}),0.22611220909127577,0.48162787883676844,0.11717016899931432,0.518194791295041,1.0759235793131188,1.0,0.0082682253555873,1.075895635409506,0.09118370899257924,0.19840185766971724,0.07054181921708304,0.38073712431346135
"frozenset({'Result_Home Win', 'Goals_Low', 'Venue_Home Venue'})",frozenset({'Home_Medium'}),0.14733997499294155,0.6272738272899608,0.09942322429718066,0.674787845606351,1.0757468528882626,1.0,0.0070007142705511005,1.1461016068264083,0.082580708922071,0.14725209080047794,0.12747701072592363,0.41664418000482156
"frozenset({'Away_Weak', 'Tournament_Friendly', 'Venue_Home Venue'})",frozenset({'Home_Medium'}),0.21578671399185254,0.6272738272899608,0.14556528052272819,0.6745794392523364,1.0754146114572516,1.0,0.010207922558734706,1.145367618609253,0.08942220388954589,0.20869716070086164,0.12691787007717542,0.45331981221876083
"frozenset({'Tournament_Friendly', 'Goals_Low'})",frozenset({'Home_Medium'}),0.14794498447142337,0.6272738272899608,0.09978622998426975,0.6744820065430753,1.0752592842221238,1.0,0.006984213346526186,1.145024791876402,0.08214464274609798,0.14773677296070706,0.1266564644759731,0.4167806123250356
"frozenset({'Home_Medium', 'Tournament_Friendly', 'Goals_Low', 'Away_Weak'})",frozenset({'Venue_Home Venue'}),0.08510466663977735,0.7174605735489856,0.06558302746743032,0.7706161137440758,1.0740884477207595,1.0,0.004523784528360435,1.231731797131488,0.07539439102895187,0.08898861646234675,0.1881349476169694,0.43101302651449347
"frozenset({'Result_Home Win', 'Tournament_Friendly'})",frozenset({'Home_Medium'}),0.15839148146654297,0.6272738272899608,0.10660267010849836,0.6730328495034377,1.0729490379204432,1.0,0.007247839318853047,1.1399499067229935,0.08078492968428454,0.15698503207412687,0.12276847070000335,0.42148941857887934
"frozenset({'Venue_Neutral Venue', 'Home_Weak'})",frozenset({'Away_Weak'}),0.06231597628362844,0.829064655346267,0.05541886822893559,0.8893203883495147,1.0726791723838247,1.0,0.003754894828783023,1.544415833274957,0.07225761261897545,0.06629354434044196,0.3525059906440579,0.47808271910786365
"frozenset({'Away_Weak', 'Tournament_Friendly', 'Result_Draw'})",frozenset({'Home_Medium'}),0.07457750171419353,0.6272738272899608,0.05017545274875973,0.6727961060032449,1.0725716214080794,1.0,0.003394937818773938,1.1391251129601028,0.07311398758672023,0.07699449155164943,0.12213330333713363,0.37639290896870065
"frozenset({'Home_Medium', 'Goals_Low', 'Result_Home Win'})",frozenset({'Venue_Home Venue'}),0.1292300246037188,0.7174605735489856,0.09942322429718066,0.769350811485643,1.0723248633440265,1.0,0.0067057767252470535,1.2249747257767933,0.07745648772941148,0.13304906352890375,0.1836566265758096,0.45396368997938547
"frozenset({'Home_Medium', 'Goals_Medium', 'Result_Home Win'})",frozenset({'Venue_Home Venue'}),0.12055822207881257,0.7174605735489856,0.09268745210341629,0.7688190030110404,1.0715836261329394,1.0,0.006191680944705444,1.222156795458874,0.07595922626759904,0.12435737864603064,0.18177438139225202,0.4490036098931973
"frozenset({'Home_Medium', 'Away_Weak', 'Result_Home Win'})",frozenset({'Venue_Home Venue'}),0.28762150607026177,0.7174605735489856,0.2210301294720284,0.7684756696115552,1.0711050863885365,1.0,0.014673038761835344,1.220344427633061,0.09318752701787912,0.28190750553011984,0.18055921151738588,0.538274263859072
"frozenset({'Tournament_Friendly', 'Goals_Low'})",frozenset({'Venue_Home Venue'}),0.14794498447142337,0.7174605735489856,0.1136207800588876,0.7679934569247547,1.0704329760251543,1.0,0.0074760866463244036,1.2178080096619521,0.07722340061293126,0.15113471752776436,0.1788525021463874,0.4631793234702478
"frozenset({'Result_Home Win', 'Home_Medium', 'Goals_Low', 'Away_Weak'})",frozenset({'Venue_Home Venue'}),0.11717016899931432,0.7174605735489856,0.089944742467632,0.7676419965576593,1.0699431088741875,1.0,0.005879765814552365,1.2159659760595511,0.07404696227676813,0.12078210475004061,0.17760856825896454,0.4465037057220498
"frozenset({'Tournament_Friendly', 'Venue_Home Venue'})","frozenset({'Home_Medium', 'Away_Weak'})",0.25862138506836607,0.5262372443834954,0.14556528052272819,0.5628509045539613,1.0695763375953369,1.0,0.009469075505708358,1.0837555437078228,0.08774244321372889,0.22769716088328074,0.07728268998862252,0.4197331092096088
"frozenset({'Home_Medium', 'Tournament_FIFA World Cup'})",frozenset({'Result_Home Win'}),0.1541967490824023,0.48162787883676844,0.07941757754204816,0.5150405440753335,1.0693744417770492,1.0,0.005152124357965318,1.068897852862478,0.07670088082009337,0.14273287422979342,0.06445691015092933,0.3399673032745816
"frozenset({'Away_Weak', 'Goals_Medium', 'Result_Home Win'})",frozenset({'Venue_Home Venue'}),0.1685556407050377,0.7174605735489856,0.12931069253418304,0.7671691792294808,1.069284093806865,1.0,0.00837866587902994,1.2134966733183858,0.07793046062306411,0.17088641330419488,0.17593511215367838,0.4737015223784013
"frozenset({'Tournament_Friendly', 'Result_Draw'})",frozenset({'Home_Medium'}),0.0892187310934538,0.6272738272899608,0.05981527043923688,0.6704339963833634,1.068805946009049,1.0,0.0038506955202922827,1.1309606228183904,0.07068268177768249,0.09108777102143603,0.11579591736097071,0.38289575333571463
"frozenset({'Tournament_Friendly', 'Result_Draw'})","frozenset({'Home_Medium', 'Away_Weak'})",0.0892187310934538,0.5262372443834954,0.05017545274875973,0.5623869801084991,1.06869474958458,1.0,0.003225233550748524,1.0826066275038306,0.07057579494811876,0.08876204067070996,0.07630345631108602,0.32886728479633587
"frozenset({'Tournament_Other', 'Goals_Medium'})","frozenset({'Home_Medium', 'Away_Weak'})",0.10587665873432017,0.5262372443834954,0.059532932682612026,0.5622857142857143,1.0685023158033045,1.0,0.0038166915457316375,1.082356164920213,0.07170217892633618,0.10397295012679628,0.07608970835056299,0.33770758466642575
frozenset({'Tournament_Other'}),"frozenset({'Home_Medium', 'Away_Weak'})",0.31855765740329933,0.5262372443834954,0.17908280563062154,0.562167637376551,1.068277936190452,1.0,0.011445901821447696,1.0820642694792229,0.09379226222375048,0.26900939109360794,0.07584047620269255,0.4512378770925063
"frozenset({'Home_Medium', 'Result_Home Win'})",frozenset({'Venue_Home Venue'}),0.314483926914855,0.7174605735489856,0.24091477433146452,0.7660638707195075,1.0677435094866623,1.0,0.015284955755195367,1.2077631074772803,0.09255142492829865,0.30455843361207424,0.1720230616343683,0.5509260212603609
"frozenset({'Result_Home Win', 'Venue_Home Venue', 'Away_Weak'})",frozenset({'Home_Medium'}),0.3301335054249183,0.6272738272899608,0.2210301294720284,0.6695174098961516,1.067344723736837,1.0,0.013946022007488845,1.1278239274054238,0.09419126126886368,0.30015884318343655,0.11333677562550455,0.5109418325200923
"frozenset({'Away_Weak', 'Tournament_Friendly'})",frozenset({'Home_Medium'}),0.278425361997338,0.6272738272899608,0.18602024765054653,0.6681153121831088,1.0651094994184553,1.0,0.011371305215883531,1.1230592624257532,0.08471666253780825,0.2584767135571373,0.10957503895204175,0.48233440506274783
"frozenset({'Tournament_Friendly', 'Venue_Home Venue'})",frozenset({'Home_Medium'}),0.25862138506836607,0.6272738272899608,0.1727503730891784,0.6679663131628197,1.0648719651649814,1.0,0.010523947058313693,1.1225552932911091,0.08217119559359848,0.24223743000961487,0.10917528430319128,0.4716824878571301
"frozenset({'Away_Weak', 'Tournament_Friendly', 'Goals_Low'})",frozenset({'Venue_Home Venue'}),0.124672286532489,0.7174605735489856,0.09522849191303998,0.7638304755742479,1.0646305925855817,1.0,0.005781041711776944,1.1963415988494324,0.06935352146481025,0.1274975699319581,0.16411834131510739,0.44828020293216553
frozenset({'Tournament_Friendly'}),"frozenset({'Home_Medium', 'Away_Weak'})",0.33219053765175655,0.5262372443834954,0.18602024765054653,0.5599805730937348,1.0641218938233286,1.0,0.011209214506414406,1.0766859975876193,0.09023237604216315,0.27664807150140963,0.07122410596909301,0.4567358985649559
"frozenset({'Tournament_Friendly', 'Result_Draw'})","frozenset({'Away_Weak', 'Venue_Home Venue'})",0.0892187310934538,0.5958536683741379,0.056548219255435,0.6338155515370706,1.0637100771176193,1.0,0.0033869110457147994,1.1036687476005027,0.06576135706985047,0.08996983892703586,0.09393103485614675,0.36435920743441225
"frozenset({'Away_Weak', 'Result_Home Win'})",frozenset({'Venue_Home Venue'}),0.43262211107974025,0.7174605735489856,0.3301335054249183,0.7630990117471564,1.0636110747834073,1.0,0.01974419747967493,1.1926477324335223,0.10540894720653352,0.40262678931575574,0.16152945014236247,0.6116203401438728
"frozenset({'Home_Medium', 'Tournament_Other', 'Venue_Neutral Venue'})",frozenset({'Away_Weak'}),0.09821320534021699,0.829064655346267,0.08655668938813375,0.8813141683778235,1.0630222416244894,1.0,0.005131592152294598,1.4402337862693428,0.06574271323369865,0.10295528689311075,0.3056682814042895,0.4928584950378536
"frozenset({'Result_Home Win', 'Goals_Low'})",frozenset({'Home_Medium'}),0.19388537087081031,0.6272738272899608,0.1292300246037188,0.6665279800291242,1.0625789743352672,1.0,0.007610805962052117,1.1177134823563057,0.07305844428178379,0.18676770620810262,0.10531633036057529,0.4362732492738214
"frozenset({'Result_Home Win', 'Tournament_FIFA World Cup', 'Venue_Home Venue', 'Away_Weak'})",frozenset({'Home_Medium'}),0.09970556205380551,0.6272738272899608,0.06643004073730488,0.6662621359223301,1.0621551656328658,1.0,0.0038873512257176085,1.1168231502293537,0.06499870371281617,0.1005678695731819,0.10460308796908672,0.38608245685005393
"frozenset({'Away_Weak', 'Goals_Medium', 'Tournament_Friendly'})",frozenset({'Home_Medium'}),0.08913806316298956,0.6272738272899608,0.05933126285645142,0.6656108597285068,1.061116901057669,1.0,0.003417288818988687,1.1146479589840141,0.0632332551455402,0.09029525504879996,0.1028557564385747,0.3800983825391505
"frozenset({'Away_Weak', 'Goals_Low', 'Result_Home Win'})",frozenset({'Venue_Home Venue'}),0.17335538256766023,0.7174605735489856,0.13193240027427097,0.7610516519311308,1.0607574548194583,1.0,0.007556748069473637,1.1824288752545862,0.06928905492455191,0.17385065107626893,0.1542831700683119,0.47246983316142777
"frozenset({'Goals_Medium', 'Tournament_Friendly', 'Venue_Home Venue'})",frozenset({'Home_Medium'}),0.0831686363086355,0.6272738272899608,0.05533820029847134,0.6653734238603298,1.0607383807721937,1.0,0.0031686914906667515,1.1138570552581173,0.06245474867486171,0.08447235562122893,0.10221873149758232,0.37679679423469165
"frozenset({'Home_Medium', 'Tournament_Other'})",frozenset({'Result_Home Win'}),0.19727342395030856,0.48162787883676844,0.10075424514984069,0.5107340012267431,1.0604328023125904,1.0,0.005741864421787021,1.059489362561373,0.07099404777565398,0.17427096414120274,0.05614908904564588,0.3599646055040842
"frozenset({'Result_Home Win', 'Away_Weak'})",frozenset({'Home_Medium'}),0.43262211107974025,0.6272738272899608,0.28762150607026177,0.6648331157933992,1.0598770215963058,1.0,0.016248978683010507,1.1120614543777134,0.09957087092575377,0.37243432391497366,0.10076912021055594,0.5616796751806502
"frozenset({'Result_Home Win', 'Tournament_FIFA World Cup', 'Venue_Home Venue'})",frozenset({'Home_Medium'}),0.10777235510022991,0.6272738272899608,0.07163312225224862,0.6646706586826348,1.0596180324536113,1.0,0.004030344592474672,1.1115226936174383,0.06305980497924804,0.10797665369649806,0.10033325838313648,0.3894340947734162
"frozenset({'Result_Home Win', 'Goals_Low'})",frozenset({'Venue_Home Venue'}),0.19388537087081031,0.7174605735489856,0.14733997499294155,0.7599334304139795,1.0591988722877106,1.0,0.008234865605212194,1.1769211637348576,0.06933286095229696,0.19285186358357087,0.1503254161675652,0.4826482982967132
"frozenset({'Goals_Low', 'Home_Weak'})",frozenset({'Away_Weak'}),0.08691969507522285,0.829064655346267,0.07631186221917477,0.8779582366589327,1.0589743887854497,1.0,0.004249815178832508,1.40062991531861,0.06099145816861654,0.09088288980689788,0.2860355265419818,0.48500198381231724
"frozenset({'Away_Weak', 'Result_Home Win', 'Goals_High'})",frozenset({'Venue_Home Venue'}),0.09059008591134594,0.7174605735489856,0.06880974468600008,0.7595725734639359,1.058695908134212,1.0,0.0038149296901939383,1.1751547255721821,0.0609644847124342,0.09308162374508948,0.1490482246811367,0.4277399633679023
"frozenset({'Goals_Low', 'Result_Draw'})",frozenset({'Home_Medium'}),0.10192393014157222,0.6272738272899608,0.06768039365950067,0.6640284922833399,1.058594290713789,1.0,0.003746179907162056,1.1093981607046748,0.06163290379930083,0.10231083470520091,0.09861036783690594,0.38596229140915966
"frozenset({'Result_Home Win', 'Goals_Medium'})",frozenset({'Venue_Home Venue'}),0.1874319364336708,0.7174605735489856,0.14225789537369418,0.7589842909403917,1.0578759571219434,1.0,0.007782870758595711,1.1722863524266642,0.06732923657864627,0.18653480008462026,0.14696609925555032,0.4786320150451902
"frozenset({'Away_Weak', 'Tournament_Friendly'})",frozenset({'Result_Home Win'}),0.278425361997338,0.48162787883676844,0.14181422175614083,0.5093437635810516,1.057546263333474,1.0,0.007716805243003555,1.056487378916382,0.07541131144632432,0.22938413361169097,0.05346715923319424,0.4018957323893031
"frozenset({'Away_Weak', 'Tournament_Friendly', 'Result_Draw'})",frozenset({'Venue_Home Venue'}),0.07457750171419353,0.7174605735489856,0.056548219255435,0.7582477014602488,1.05684929515988,1.0,0.0030418021017192542,1.168714540286187,0.05812620494332651,0.07688511105017823,0.14435906671005674,0.41853244079083946
frozenset({'Tournament_Friendly'}),frozenset({'Home_Medium'}),0.33219053765175655,0.6272738272899608,0.22018311620215383,0.662821758135017,1.056670515010383,1.0,0.011808686259826673,1.105427712797941,0.08030914492650165,0.297834033498827,0.09537277885959061,0.5069188523185373
"frozenset({'Result_Home Win', 'Venue_Neutral Venue'})",frozenset({'Away_Weak'}),0.11708950106885008,0.829064655346267,0.10248860565482193,0.8753014123320703,1.0557697842835816,1.0,0.005413838806509377,1.3707881368226151,0.059829180606621686,0.12148013577472869,0.27049266539618183,0.49946048480870114
"frozenset({'Result_Home Win', 'Goals_Medium', 'Venue_Home Venue', 'Away_Weak'})",frozenset({'Home_Medium'}),0.12931069253418304,0.6272738272899608,0.08562900818779494,0.6621958827199002,1.0556727443592133,1.0,0.0045157951723625855,1.1033796026854898,0.060568959079168844,0.12762248271716262,0.09369359596087927,0.3993528281912258
"frozenset({'Result_Home Win', 'Tournament_FIFA World Cup', 'Away_Weak'})",frozenset({'Home_Medium'}),0.11055539870124632,0.6272738272899608,0.07316581293106926,0.6618022619481941,1.0550452340844636,1.0,0.003817304860170914,1.1020954038815722,0.058658336084839995,0.11007949511499486,0.0926375371152016,0.38922160422512586
frozenset({'Venue_Home Venue'}),frozenset({'Result_Home Win'}),0.7174605735489856,0.48162787883676844,0.36453837776791836,0.5080953451765234,1.054954182477309,1.0,0.018989363580509122,1.0538060904287498,0.1843690823059872,0.4368082741288482,0.05105881520086723,0.6324916890022974
frozenset({'Result_Home Win'}),frozenset({'Venue_Home Venue'}),0.48162787883676844,0.7174605735489856,0.36453837776791836,0.7568880328280714,1.054954182477309,1.0,0.018989363580509122,1.162178191957135,0.10049061792354812,0.4368082741288482,0.13954675202089553,0.6324916890022974
"frozenset({'Tournament_Other', 'Away_Weak', 'Venue_Home Venue', 'Result_Home Win'})",frozenset({'Home_Medium'}),0.0818779494212076,0.6272738272899608,0.05416851530673981,0.6615763546798029,1.0546850926939528,1.0,0.0028086206026450844,1.101359724310596,0.05647363297985676,0.08270213683108567,0.09203144265516226,0.37396590367735
"frozenset({'Result_Home Win', 'Venue_Home Venue'})",frozenset({'Home_Medium'}),0.36453837776791836,0.6272738272899608,0.24091477433146452,0.6608763000663863,1.053569065557222,1.0,0.012249390914908787,1.0990861823665035,0.08001321720512855,0.3208357952409088,0.09015324180780399,0.5224713290455388
frozenset({'Result_Draw'}),frozenset({'Home_Medium'}),0.2326059774936474,0.6272738272899608,0.15371274149961683,0.6608288538234784,1.053493426751897,1.0,0.007805099746654137,1.0989324325249468,0.06616833052247456,0.21767192140735667,0.0900259466340766,0.45293886106811787
"frozenset({'Goals_Medium', 'Tournament_Friendly'})","frozenset({'Home_Medium', 'Away_Weak'})",0.10704634372605171,0.5262372443834954,0.05933126285645142,0.554257724189902,1.0532468579627685,1.0,0.0029994899127255004,1.0628625134456493,0.056615440869564305,0.10337315530569219,0.059144539063531426,0.3335019746878843
"frozenset({'Venue_Home Venue', 'Result_Draw'})",frozenset({'Home_Medium'}),0.16573226313878917,0.6272738272899608,0.10946638163997903,0.6605013385251887,1.0529713018296685,1.0,0.005506870635483857,1.0978722893659865,0.06030018752902774,0.1601463385850003,0.08914724446001551,0.41750632769880835
"frozenset({'Tournament_Other', 'Venue_Neutral Venue'})",frozenset({'Away_Weak'}),0.16149719678941638,0.829064655346267,0.1409672084862663,0.8728771228771228,1.0528456583552668,1.0,0.0070755906906605215,1.344646601166103,0.059860464613762376,0.16592290163311815,0.25631017165939285,0.521454372676703
"frozenset({'Tournament_FIFA World Cup', 'Venue_Home Venue'})",frozenset({'Result_Home Win'}),0.21300367039083612,0.48162787883676844,0.10777235510022991,0.5059647793978413,1.05053050629015,1.0,0.005183849145445327,1.049261468709477,0.06111844192917983,0.18364261168384882,0.046948706474531636,0.3648658165475933
"frozenset({'Result_Home Win', 'Away_Weak', 'Goals_High'})",frozenset({'Home_Medium'}),0.09059008591134594,0.6272738272899608,0.05969426854354051,0.6589492430988424,1.0504969511413067,1.0,0.002869478639404184,1.0928759581028042,0.05285799393219454,0.09069738938595416,0.084983073709512,0.37705692607617014
"frozenset({'Tournament_Other', 'Away_Weak'})",frozenset({'Result_Home Win'}),0.28495946436494174,0.48162787883676844,0.14415359173960393,0.5058740268931352,1.050342077611716,1.0,0.006909169363055329,1.0490687585271357,0.06703007543954627,0.23159668221876623,0.04677363435741529,0.40258947136466494
"frozenset({'Home_Medium', 'Goals_Low', 'Venue_Home Venue'})",frozenset({'Result_Home Win'}),0.19666841447182673,0.48162787883676844,0.09942322429718066,0.5055373256767842,1.0496429876479785,1.0,0.004702233000924344,1.0483544018216162,0.058873717407973404,0.1717530657748049,0.046124098623133464,0.35598447390949167
"frozenset({'Goals_Medium', 'Tournament_Friendly'})",frozenset({'Home_Medium'}),0.10704634372605171,0.6272738272899608,0.07046343726051708,0.658251695553881,1.049384920773365,1.0,0.003316067534079939,1.0906452727369835,0.05270242783322,0.10614253599854184,0.08311159916322602,0.38529225724196103
"frozenset({'Away_Weak', 'Result_Home Win', 'Home_Strong'})",frozenset({'Venue_Home Venue'}),0.08603234784011617,0.7174605735489856,0.06473601419755576,0.7524613220815751,1.0487842117364792,1.0,0.0030111965724201814,1.141395069356086,0.0508935008372445,0.0876283031229526,0.12387916607687245,0.42134534509745497
"frozenset({'Home_Medium', 'Tournament_Friendly', 'Venue_Home Venue'})",frozenset({'Result_Home Win'}),0.1727503730891784,0.48162787883676844,0.0872020328318477,0.5047863646976418,1.048083773549002,1.0,0.004000637072646349,1.0467646369364076,0.055458225066538774,0.1537476888067131,0.04467540771464626,0.34292161380347297
"frozenset({'Result_Home Win', 'Tournament_Other', 'Away_Weak'})",frozenset({'Home_Medium'}),0.14415359173960393,0.6272738272899608,0.09474448433025451,0.657246782316732,1.047782887987316,1.0,0.004320709122158664,1.0874476255230041,0.05328503569507481,0.14001311319067772,0.08041548252123537,0.4041442244916993
"frozenset({'Away_Weak', 'Venue_Home Venue', 'Result_Draw'})",frozenset({'Home_Medium'}),0.1347557778405195,0.6272738272899608,0.08853305368450773,0.6569889254714157,1.0473718125779843,1.0,0.004004281169049356,1.0866301422550095,0.05227335956271711,0.13145286860701882,0.07972366943110175,0.3990641643817984
"frozenset({'Goals_Low', 'Venue_Home Venue', 'Home_Weak'})",frozenset({'Away_Weak'}),0.06433267454523454,0.829064655346267,0.05586254184648893,0.8683385579937304,1.0473713387661667,1.0,0.002526595197140484,1.2982946415366858,0.04833853783610752,0.0666987719720684,0.2297588174465687,0.4678593787292904
"frozenset({'Result_Home Win', 'Goals_Medium', 'Away_Weak'})",frozenset({'Home_Medium'}),0.1685556407050377,0.6272738272899608,0.1107167345621748,0.6568557071069634,1.0471594358476688,1.0,0.004986192705814296,1.0862082815587544,0.054165480407235726,0.16160367361356412,0.07936625325213119,0.4166801683682965
"frozenset({'Goals_nan', 'Result_Draw'})",frozenset({'Home_Medium'}),0.08700036300568709,0.6272738272899608,0.05707256080345259,0.6560037088548911,1.045801180146561,1.0,0.002499510125259327,1.0835179980263538,0.04796858813972185,0.08684178225113538,0.07708039753698911,0.3734943955797089
"frozenset({'Away_Weak', 'Goals_Low', 'Result_Draw'})",frozenset({'Home_Medium'}),0.08381397975234946,0.6272738272899608,0.05497519461138225,0.6559191530317613,1.0456663812446283,1.0,0.002400878751722721,1.0832517299181277,0.04766721645242366,0.08378926661338908,0.07685353978102571,0.3717803069685556
"frozenset({'Away_Weak', 'Result_Draw'})",frozenset({'Home_Medium'}),0.19170733674827573,0.6272738272899608,0.1257209696285242,0.6557963391542184,1.0454705913484141,1.0,0.0054679747868679185,1.0828652193709145,0.05380840820764644,0.18134745171049574,0.07652403816151263,0.42811036093513394
frozenset({'Goals_nan'}),frozenset({'Home_Medium'}),0.08716169886661558,0.6272738272899608,0.05711289476868471,0.6552521980564553,1.0446031215543787,1.0,0.002438642327527711,1.0811560526528785,0.04677567685772657,0.0868871571454869,0.07506414310287814,0.3731507903862523
"frozenset({'Result_Home Win', 'Tournament_FIFA World Cup'})",frozenset({'Home_Medium'}),0.12148590327915137,0.6272738272899608,0.07941757754204816,0.6537184594953519,1.0421580353824755,1.0,0.0032126500303568672,1.0763674326008033,0.04604665086957196,0.11865019584212112,0.07094922262398663,0.39016298489170886
"frozenset({'Result_Home Win', 'Goals_High'})",frozenset({'Venue_Home Venue'}),0.10018956963659097,0.7174605735489856,0.07485983947081838,0.747181964573269,1.041425817835904,1.0,0.0029777733757237884,1.1175604065355413,0.04420706966880545,0.1007819287576021,0.10519378267880918,0.4257609845353415
frozenset({'Result_Home Win'}),frozenset({'Home_Medium'}),0.48162787883676844,0.6272738272899608,0.314483926914855,0.6529603885771711,1.040949518646721,1.0,0.012371364027369713,1.0740162230527455,0.07588876686153924,0.3958671811535337,0.06891536781666527,0.5771553486095733
frozenset({'Home_Medium'}),frozenset({'Result_Home Win'}),0.6272738272899608,0.48162787883676844,0.314483926914855,0.5013503086419754,1.040949518646721,1.0,0.012371364027369713,1.0395516735435948,0.10554295332804912,0.3958671811535337,0.03804685668849173,0.5771553486095733
"frozenset({'Result_Home Win', 'Home_Strong'})","frozenset({'Away_Weak', 'Venue_Home Venue'})",0.1044649699511959,0.5958536683741379,0.06473601419755576,0.6196911196911197,1.040005545962359,1.0,0.002490178635541594,1.0626791867116576,0.04295383731226563,0.10185302703388754,0.058982228593006926,0.3641676338995773
"frozenset({'Result_Home Win', 'Goals_Medium', 'Venue_Home Venue'})",frozenset({'Home_Medium'}),0.14225789537369418,0.6272738272899608,0.09268745210341629,0.6515452225687554,1.0386934608505114,1.0,0.0034527976101443314,1.0696543622036683,0.04343036200173921,0.1369405875692748,0.06511856975945811,0.39965378412388386
frozenset({'Home_Weak'}),frozenset({'Away_Weak'}),0.21308433832130036,0.829064655346267,0.18331787197999436,0.8603066439522998,1.0376834163711686,1.0,0.006657178469958114,1.2236469184358687,0.04614845902837352,0.2134504297186869,0.18277079365487742,0.5407103640583684
"frozenset({'Goals_Medium', 'Home_Weak'})",frozenset({'Away_Weak'}),0.07207679586980197,0.829064655346267,0.06199330456177147,0.860100727476217,1.0374350443355802,1.0,0.0022369806355108587,1.2218458435848822,0.0388870861727056,0.07387647200192261,0.18156614825810508,0.4674378606974858
"frozenset({'Tournament_Other', 'Venue_Home Venue', 'Result_Home Win'})",frozenset({'Home_Medium'}),0.08700036300568709,0.6272738272899608,0.056548219255435,0.649976819656931,1.0361931127671227,1.0,0.00197516857724174,1.064861396735834,0.03825732759022722,0.08597534801005703,0.06091064708952396,0.3700629983058318
"frozenset({'Home_Medium', 'Goals_Medium'})","frozenset({'Away_Weak', 'Venue_Home Venue'})",0.20719557939741057,0.5958536683741379,0.12789900375105875,0.6172863539030562,1.035969713146854,1.0,0.004440757696206721,1.056001884823018,0.043794931606347336,0.18943783977537484,0.05303199324535644,0.4159673494283439
"frozenset({'Result_Home Win', 'Away_Weak', 'Venue_Neutral Venue'})",frozenset({'Home_Medium'}),0.10248860565482193,0.6272738272899608,0.06659137659823337,0.6497441951987406,1.035822262831943,1.0,0.002302956675521703,1.064154162759786,0.03853255474732314,0.10041357499087702,0.06028653084756808,0.3779520873113045
"frozenset({'Goals_Low', 'Tournament_FIFA World Cup', 'Venue_Home Venue'})",frozenset({'Home_Medium'}),0.08933973298915017,0.6272738272899608,0.05791957407332715,0.6483069977426636,1.0335310824996053,1.0,0.001879097832159754,1.0598054846633334,0.03562604759088342,0.08793092890821139,0.05643062385389684,0.3703211943445829
"frozenset({'Away_Weak', 'Goals_Low', 'Venue_Home Venue'})",frozenset({'Home_Medium'}),0.252329286492155,0.6272738272899608,0.16343322712055822,0.6476982097186701,1.0325605525691222,1.0,0.005153669845279124,1.0579741091079877,0.04217604650894063,0.2282045505744537,0.0547972853105712,0.454121738604191
"frozenset({'Goals_Low', 'Home_Weak'})",frozenset({'Venue_Home Venue'}),0.08691969507522285,0.7174605735489856,0.06433267454523454,0.740139211136891,1.03160959420491,1.0,0.0019712202638622195,1.0872722571463143,0.03355788433518584,0.0869304556354916,0.08026716084467339,0.41490320125092806
"frozenset({'Goals_Low', 'Away_Medium'})",frozenset({'Venue_Home Venue'}),0.06973742588633888,0.7174605735489856,0.05154680756665188,0.7391555812608445,1.0302386061502202,1.0,0.001512953992409305,1.0831722136004522,0.0315513829111021,0.07006963101047206,0.07678577104926712,0.40550088485124525
"frozenset({'Away_Weak', 'Goals_Low'})",frozenset({'Home_Medium'}),0.3498971483886581,0.6272738272899608,0.22611220909127577,0.6462247838616715,1.030211616916308,1.0,0.006630885663678865,1.0535677902442455,0.04510923430956083,0.3010579453305408,0.050844179881227344,0.5033464454287782
"frozenset({'Tournament_Other', 'Result_Home Win'})",frozenset({'Home_Medium'}),0.15597144355261566,0.6272738272899608,0.10075424514984069,0.6459787949314715,1.0298194613384757,1.0,0.0029174408046513806,1.0528357267127257,0.03430690648284678,0.1476272087938065,0.05018420763293726,0.4033006114575053
"frozenset({'Result_Home Win', 'Goals_High'})",frozenset({'Home_Medium'}),0.10018956963659097,0.6272738272899608,0.06465534626709152,0.6453301127214172,1.0287853320924703,1.0,0.0018090514666130458,1.0509101169259223,0.031095350572421476,0.09754761759873427,0.04844383559161308,0.37420183619609954
"frozenset({'Home_Medium', 'Tournament_Friendly', 'Goals_Low'})",frozenset({'Away_Weak'}),0.09978622998426975,0.829064655346267,0.08510466663977735,0.8528698464025869,1.0287133107204738,1.0,0.0023754302695654095,1.1617968205311409,0.031005822722611737,0.10086524212438452,0.13926429963646478,0.4777606347070098
"frozenset({'Goals_Low', 'Venue_Home Venue'})",frozenset({'Home_Medium'}),0.30520711491146696,0.6272738272899608,0.19666841447182673,0.6443768996960486,1.0272657197893604,1.0,0.0052199793851839815,1.0480932548854947,0.03820135863076669,0.2672806007783808,0.04588642724425215,0.4789528531402054
"frozenset({'Venue_Neutral Venue', 'Result_Draw'})",frozenset({'Away_Weak'}),0.06687371435485823,0.829064655346267,0.056951558907756224,0.8516284680337757,1.027215986765332,1.0,0.0015089259644209749,1.152076428601176,0.028393693623644006,0.06788135185808375,0.13200203113765954,0.4601611082567322
"frozenset({'Home_Medium', 'Goals_High'})","frozenset({'Away_Weak', 'Venue_Home Venue'})",0.09232444641632719,0.5958536683741379,0.05650788529020288,0.6120576671035387,1.0271945942258196,1.0,0.0014960252124227996,1.0417690913193676,0.029167500843057383,0.08945788902368942,0.04009438527924495,0.35344641968864066
frozenset({'Result_Draw'}),"frozenset({'Home_Medium', 'Away_Weak'})",0.2326059774936474,0.5262372443834954,0.1257209696285242,0.540488989075776,1.0270823565689977,1.0,0.0033150410051378393,1.0310150232605217,0.034360760772427654,0.19857297572784607,0.030082028448468735,0.38969724229599334
"frozenset({'Tournament_Friendly', 'Venue_Neutral Venue'})",frozenset({'Away_Weak'}),0.07356915258339047,0.829064655346267,0.06263864800548542,0.8514254385964912,1.0269710970140018,1.0,0.0016450638748198645,1.150502098333612,0.028348323674982124,0.07457024872755211,0.13081427539471632,0.46348941596572313
"frozenset({'Home_Medium', 'Venue_Home Venue', 'Goals_High'})",frozenset({'Away_Weak'}),0.06643004073730488,0.829064655346267,0.05650788529020288,0.8506375227686704,1.0260207298469302,1.0,0.0014330864616907343,1.1444329782304814,0.02716542287843819,0.06735253112831115,0.1262048376601338,0.4593980608248606
"frozenset({'Result_Home Win', 'Goals_Medium'})",frozenset({'Home_Medium'}),0.1874319364336708,0.6272738272899608,0.12055822207881257,0.6432106735528298,1.0254065219518589,1.0,0.002987073955695252,1.0446673851529265,0.030492244354585793,0.17367809413131902,0.04275751860137538,0.417702301796991
"frozenset({'Home_Medium', 'Tournament_Friendly', 'Goals_Low', 'Venue_Home Venue'})",frozenset({'Away_Weak'}),0.07715887548904933,0.829064655346267,0.06558302746743032,0.8499738630423418,1.0252202377236088,1.0,0.0016133309531961015,1.1393704331797594,0.026656619057449246,0.07801554553305824,0.12232231864294027,0.46453935185685563
"frozenset({'Result_Home Win', 'Home_Strong'})",frozenset({'Venue_Home Venue'}),0.1044649699511959,0.7174605735489856,0.07683620376719236,0.7355212355212355,1.0251730375690349,1.0,0.0018867065102297909,1.068287758406025,0.0274192688486564,0.10312347750771396,0.06392262559286097,0.4213079530428305
"frozenset({'Goals_Low', 'Result_Draw'})","frozenset({'Home_Medium', 'Away_Weak'})",0.10192393014157222,0.5262372443834954,0.05497519461138225,0.5393747526711515,1.0249649914138008,1.0,0.001339026476945393,1.028521033885659,0.027121222695325308,0.09591161776088945,0.027730141578057105,0.32192160642678447
"frozenset({'Tournament_Other', 'Venue_Home Venue', 'Away_Weak'})",frozenset({'Home_Medium'}),0.14399225587867542,0.6272738272899608,0.0925261162424878,0.642577030812325,1.0243963686297566,1.0,0.002203542797355698,1.0428153891652352,0.027821430920320973,0.13632041835036846,0.04105749647548686,0.3950410874226234
"frozenset({'Away_Weak', 'Goals_Low', 'Venue_Neutral Venue'})",frozenset({'Home_Medium'}),0.09756786189650304,0.6272738272899608,0.06267898197071754,0.6424142207523771,1.0241368168154377,1.0,0.0014772158183997408,1.0423405916596358,0.02611604823994214,0.09465797648778707,0.04062068770843912,0.371168530129275
"frozenset({'Away_Weak', 'Venue_Home Venue'})",frozenset({'Home_Medium'}),0.5958536683741379,0.6272738272899608,0.38252732626144476,0.6419819941785689,1.023447761167005,1.0,0.008763915195636185,1.0410821987985266,0.056688773444254464,0.4550645362506598,0.03946105201485343,0.6259035485296137
frozenset({'Home_Medium'}),"frozenset({'Away_Weak', 'Venue_Home Venue'})",0.6272738272899608,0.5958536683741379,0.38252732626144476,0.6098251028806585,1.023447761167005,1.0,0.008763915195636185,1.0358081327365538,0.061467537053503905,0.4550645362506598,0.0345702370978209,0.6259035485296137
frozenset({'Goals_Low'}),frozenset({'Home_Medium'}),0.42165127253660306,0.6272738272899608,0.27064090670753843,0.6418595752821887,1.023252600949801,1.0,0.00615009920182108,1.04072633801035,0.03929152606530276,0.34774046434494194,0.0391326101040262,0.5366576682995305
"frozenset({'Venue_Home Venue', 'Home_Weak'})",frozenset({'Away_Weak'}),0.1507683620376719,0.829064655346267,0.12789900375105875,0.848314606741573,1.0232188783723581,1.0,0.002902283641175077,1.1269070869764615,0.026720619758091813,0.15012782880409054,0.11261539522034453,0.5012918205198986
"frozenset({'Goals_Low', 'Venue_Neutral Venue'})","frozenset({'Home_Medium', 'Away_Weak'})",0.11644415762513613,0.5262372443834954,0.06267898197071754,0.5382750259785244,1.0228751988262095,1.0,0.0014017293375085255,1.026071324429744,0.025310937184396455,0.10806675938803893,0.02540888124344917,0.328691433430743
"frozenset({'Home_Medium', 'Goals_Medium', 'Venue_Home Venue'})",frozenset({'Away_Weak'}),0.15084902996813618,0.829064655346267,0.12789900375105875,0.8478609625668447,1.0226717025015706,1.0,0.002835404711207218,1.1235469051053786,0.026107361632681802,0.15011361484567315,0.10996150186875467,0.5010649984325345
"frozenset({'Home_Medium', 'Goals_Low', 'Venue_Neutral Venue'})",frozenset({'Away_Weak'}),0.07397249223571169,0.829064655346267,0.06267898197071754,0.8473282442748092,1.0220291491269933,1.0,0.0013510031902128142,1.1196265074819514,0.02327611814087716,0.07458603311735061,0.10684501187006755,0.4614651437866384
"frozenset({'Home_Medium', 'Goals_Medium', 'Away_Weak'})",frozenset({'Venue_Home Venue'}),0.17444439962892752,0.7174605735489856,0.12789900375105875,0.733179190751445,1.0219086842984357,1.0,0.0027420247408799503,1.0589107620456124,0.02596915864759555,0.16740576496674056,0.05563335850115279,0.4557227188297364
"frozenset({'Home_Medium', 'Away_Medium'})",frozenset({'Venue_Home Venue'}),0.09801153551405639,0.7174605735489856,0.07175412414794498,0.7320987654320986,1.0204027822890724,1.0,0.0014347116636133084,1.0546402554162282,0.022167503100572736,0.09648028634958511,0.051809377781302,0.416055004483533
"frozenset({'Away_Weak', 'Goals_Low', 'Home_Weak'})",frozenset({'Venue_Home Venue'}),0.07631186221917477,0.7174605735489856,0.05586254184648893,0.7320295983086681,1.0203063768195866,1.0,0.0011117894101286344,1.0543680371702548,0.02154648710025904,0.0757037441924023,0.051564572571992505,0.4049455389789349
"frozenset({'Goals_Low', 'Tournament_FIFA World Cup'})",frozenset({'Home_Medium'}),0.10333561892469649,0.6272738272899608,0.06606703505021579,0.6393442622950819,1.0192426887269783,1.0,0.0012473058719445068,1.033468024332381,0.021055144756282753,0.09941733430444284,0.032384189490527696,0.372334168184578
frozenset({'Goals_Low'}),"frozenset({'Home_Medium', 'Away_Weak'})",0.42165127253660306,0.5262372443834954,0.22611220909127577,0.5362540654295007,1.0190348006586656,1.0,0.004223605340819558,1.0215998034684282,0.03229754656231069,0.313271863649064,0.021143116311391957,0.48296569294315533
"frozenset({'Home_Medium', 'Tournament_Friendly'})",frozenset({'Away_Weak'}),0.22018311620215383,0.829064655346267,0.18602024765054653,0.8448433779080418,1.0190319566272965,1.0,0.0034742083033408033,1.10169545037158,0.023949861255793806,0.21549387907672182,0.09230813319350642,0.534608504813909
"frozenset({'Tournament_Other', 'Venue_Neutral Venue'})","frozenset({'Home_Medium', 'Away_Weak'})",0.16149719678941638,0.5262372443834954,0.08655668938813375,0.535964035964036,1.0184836624247982,1.0,0.001570849574012198,1.0209612882069345,0.021643597183380197,0.14397853069439784,0.02053093339488698,0.3502231462107296
"frozenset({'Away_Weak', 'Goals_Medium', 'Venue_Home Venue'})",frozenset({'Home_Medium'}),0.2002984713427177,0.6272738272899608,0.12789900375105875,0.6385420861860652,1.0179638594914555,1.0,0.0022570150315836812,1.0311744700156291,0.022066800244060002,0.18279817835937048,0.03023200333417553,0.42121934556216845
"frozenset({'Goals_Low', 'Venue_Home Venue'})","frozenset({'Home_Medium', 'Away_Weak'})",0.30520711491146696,0.5262372443834954,0.16343322712055822,0.5354830183692348,1.0175695925828496,1.0,0.002821876003311019,1.0199040602418465,0.024850904914389724,0.24465644245864024,0.01951562016247558,0.4230262489715416
"frozenset({'Tournament_Friendly', 'Goals_Low'})",frozenset({'Away_Weak'}),0.14794498447142337,0.829064655346267,0.124672286532489,0.8426935659760088,1.0164388995983062,1.0,0.0020163289714795474,1.086639244696521,0.01898120713122086,0.14627105811092184,0.07973137830183714,0.4965353015966154
"frozenset({'Home_Medium', 'Tournament_Friendly', 'Venue_Home Venue'})",frozenset({'Away_Weak'}),0.1727503730891784,0.829064655346267,0.14556528052272819,0.8426336679897268,1.0163666519323424,1.0,0.0023440519966094475,1.086225639691303,0.019465827008404008,0.17000329737623063,0.07938096518860269,0.5091056931532191
"frozenset({'Away_Weak', 'Tournament_FIFA World Cup', 'Venue_Home Venue'})",frozenset({'Home_Medium'}),0.17601742427298028,0.6272738272899608,0.11220909127576333,0.6374885426214483,1.0162843002323538,1.0,0.001797967882330137,1.0281776344542422,0.019446249620690265,0.1623672230652504,0.02740541469684752,0.40818614373870765
"frozenset({'Result_Home Win', 'Venue_Home Venue', 'Home_Strong'})",frozenset({'Away_Weak'}),0.07683620376719236,0.829064655346267,0.06473601419755576,0.84251968503937,1.0162291681430844,1.0,0.0010338334031928798,1.0854394385512038,0.01729919281866668,0.0769599616398945,0.07871414610219488,0.46030143823848824
"frozenset({'Home_Medium', 'Goals_Medium', 'Tournament_Friendly'})",frozenset({'Away_Weak'}),0.07046343726051708,0.829064655346267,0.05933126285645142,0.8420148826559817,1.015620286338592,1.0,0.0009125175295475116,1.0819711851814182,0.016545928625709052,0.07061590898180596,0.07576096878002704,0.4567894894914547
"frozenset({'Home_Medium', 'Goals_Medium'})",frozenset({'Away_Weak'}),0.20719557939741057,0.829064655346267,0.17444439962892752,0.8419310881837648,1.0155192152439836,1.0,0.002665868006543226,1.0813976175938744,0.019275939218135824,0.2024149389245098,0.07527075727703689,0.5261710901877228
"frozenset({'Home_Medium', 'Goals_High'})",frozenset({'Away_Weak'}),0.09232444641632719,0.829064655346267,0.07772355100229904,0.8418523372651814,1.0154242275755603,1.0,0.001180615654111844,1.0808591268298202,0.01673498256943695,0.0921260218960654,0.07481005139585721,0.4678004084769108
"frozenset({'Venue_Home Venue', 'Result_Draw'})","frozenset({'Home_Medium', 'Away_Weak'})",0.16573226313878917,0.5262372443834954,0.08853305368450773,0.5341932343635921,1.0151186372021566,1.0,0.001318564224910973,1.0170800223762893,0.017852144582389408,0.1467147917919925,0.01679319424285187,0.3512155717307345
"frozenset({'Away_Weak', 'Goals_Low', 'Tournament_FIFA World Cup'})",frozenset({'Home_Medium'}),0.08248295889968943,0.6272738272899608,0.052514822732222806,0.6366748166259169,1.014987058166561,1.0,0.0007754214170140813,1.0258748629771601,0.016093175558452993,0.07990181037127954,0.025222240948637308,0.360196976214193
"frozenset({'Home_Medium', 'Goals_Medium'})",frozenset({'Venue_Home Venue'}),0.20719557939741057,0.7174605735489856,0.15084902996813618,0.7280513918629551,1.0147615335314957,1.0,0.0021943707368556054,1.0389441901781398,0.018348535995594835,0.19494396664060468,0.03748439092908564,0.4691527478766091
"frozenset({'Tournament_Other', 'Goals_Low', 'Away_Weak'})",frozenset({'Home_Medium'}),0.11507280280724398,0.6272738272899608,0.0732464808615335,0.6365229582895198,1.0147449655910534,1.0,0.0010643234276506153,1.0254462591530777,0.016420232994269566,0.10947013080957263,0.02481481494124711,0.37664625280731134
frozenset({'Goals_nan'}),frozenset({'Away_Weak'}),0.08716169886661558,0.829064655346267,0.07328681482676562,0.8408144377602962,1.0141723354605217,1.0,0.0010241309965198647,1.0738118598741773,0.015308611785359433,0.08694195894540409,0.06873816786008122,0.4646057107312792
"frozenset({'Goals_nan', 'Result_Draw'})",frozenset({'Away_Weak'}),0.08700036300568709,0.829064655346267,0.07312547896583713,0.8405192396847473,1.0138162738751613,1.0,0.0009965529955270336,1.0718242395875055,0.0149266060330609,0.08675056222785779,0.06701121035958951,0.4643608117664797
"frozenset({'Home_Medium', 'Venue_Home Venue'})",frozenset({'Away_Weak'}),0.45524946557496065,0.829064655346267,0.38252732626144476,0.8402587047045273,1.0135020221717026,1.0,0.005096084987967708,1.0700761148678224,0.024455499197663568,0.424188210036676,0.06548703769215371,0.6508274793286685
"frozenset({'Home_Medium', 'Goals_Low'})","frozenset({'Away_Weak', 'Venue_Home Venue'})",0.27064090670753843,0.5958536683741379,0.16343322712055822,0.6038748137108793,1.0134616026760868,1.0,0.0021708500467686187,1.0202490162564088,0.01821159849785539,0.2324594113934943,0.019847131370641584,0.4390794903862052
"frozenset({'Result_Away Win', 'Tournament_Friendly'})",frozenset({'Home_Medium'}),0.08458032509175976,0.6272738272899608,0.05376517565441859,0.6356700047687173,1.0133851870004378,1.0,0.0007101514206813292,1.0230455290221887,0.014428781234787143,0.08169894582005395,0.022526396302435678,0.360691226664194
"frozenset({'Home_Medium', 'Away_Weak', 'Goals_High'})",frozenset({'Venue_Home Venue'}),0.07772355100229904,0.7174605735489856,0.05650788529020288,0.7270368448365335,1.0133474530038327,1.0,0.0007443018098295812,1.0350826516560927,0.014281666960405491,0.07649885333624551,0.03389357516519273,0.4028989036415634
"frozenset({'Home_Medium', 'Away_Weak'})",frozenset({'Venue_Home Venue'}),0.5262372443834954,0.7174605735489856,0.38252732626144476,0.7269104008584348,1.0131712147786809,1.0,0.004972851083224428,1.0346033951463327,0.02743987148760927,0.44419465130438857,0.033446048320224735,0.6300394145061232
frozenset({'Venue_Home Venue'}),"frozenset({'Home_Medium', 'Away_Weak'})",0.7174605735489856,0.5262372443834954,0.38252732626144476,0.5331684281538115,1.0131712147786807,1.0,0.004972851083224428,1.0148472900898824,0.04601123918536166,0.44419465130438857,0.014630073149791162,0.6300394145061232
"frozenset({'Home_Medium', 'Goals_Low'})",frozenset({'Venue_Home Venue'}),0.27064090670753843,0.7174605735489856,0.19666841447182673,0.7266766020864381,1.0128453449251777,1.0,0.0024942343196187045,1.0337184032095454,0.017388464466805285,0.24849658546529407,0.03261855753448397,0.5003969922957489
"frozenset({'Goals_Low', 'Venue_Neutral Venue'})",frozenset({'Home_Medium'}),0.11644415762513613,0.6272738272899608,0.07397249223571169,0.635261517145826,1.0127339759899991,1.0,0.0009301198166370706,1.0218997726627566,0.01423097459841546,0.11044866004215596,0.02143045066512989,0.37659423593916813
frozenset({'Home_Medium'}),frozenset({'Away_Weak'}),0.6272738272899608,0.829064655346267,0.5262372443834954,0.8389274691358026,1.0118963143898787,1.0,0.006186684953610189,1.06123212776641,0.031541804024568604,0.5657849089332178,0.05769908973193852,0.7368317715418736
frozenset({'Away_Weak'}),frozenset({'Home_Medium'}),0.829064655346267,0.6272738272899608,0.5262372443834954,0.6347360739479446,1.0118963143898787,1.0,0.006186684953610189,1.0204297389524317,0.06877720882280283,0.5657849089332178,0.02002072085179006,0.7368317715418736
"frozenset({'Home_Medium', 'Tournament_Friendly', 'Result_Draw'})",frozenset({'Away_Weak'}),0.05981527043923688,0.829064655346267,0.05017545274875973,0.8388401888064734,1.0117910387292093,1.0,0.0005847261776100524,1.0606573896296485,0.012395043182824639,0.05982494950466482,0.057188485389073916,0.4496803717080287
frozenset({'Home_Medium'}),frozenset({'Venue_Home Venue'}),0.6272738272899608,0.7174605735489856,0.45524946557496065,0.7257587448559671,1.0115660311004044,1.0,0.005205225675238012,1.0302586542007448,0.030676105932622374,0.511812451820614,0.029369958774303036,0.6801438203704167
frozenset({'Venue_Home Venue'}),frozenset({'Home_Medium'}),0.7174605735489856,0.6272738272899608,0.45524946557496065,0.6345288958848662,1.0115660311004042,1.0,0.005205225675238012,1.0198512782904439,0.040467936463006914,0.511812451820614,0.019464875627474044,0.6801438203704167
"frozenset({'Goals_Medium', 'Venue_Home Venue'})","frozenset({'Home_Medium', 'Away_Weak'})",0.2403097648529827,0.5262372443834954,0.12789900375105875,0.5322255790533735,1.0113795341051803,1.0,0.001439055296379388,1.0128017574320538,0.014810638319780734,0.20026525198938988,0.012639943935832511,0.3876349785356543
frozenset({'Tournament_Friendly'}),frozenset({'Away_Weak'}),0.33219053765175655,0.829064655346267,0.278425361997338,0.838149587178242,1.0109580498618416,1.0,0.0030179283897932563,1.056131656840319,0.01623108563692862,0.3153782894736843,0.05314835179569456,0.5869901426526092
"frozenset({'Result_Away Win', 'Tournament_Friendly'})",frozenset({'Venue_Home Venue'}),0.08458032509175976,0.7174605735489856,0.061347961118057515,0.7253218884120172,1.0109571384865719,1.0,0.0006649125667638964,1.0286200994232242,0.01183979451583373,0.0828250925724243,0.02782378007125497,0.40541448591952334
"frozenset({'Tournament_Friendly', 'Goals_Low', 'Venue_Home Venue'})",frozenset({'Away_Weak'}),0.1136207800588876,0.829064655346267,0.09522849191303998,0.838125665601704,1.0109291961694502,1.0,0.0010295190533443216,1.0559755830911532,0.012196856545363876,0.1123697111037076,0.05300840662176681,0.47649411472739056
"frozenset({'Goals_Low', 'Venue_Neutral Venue'})",frozenset({'Away_Weak'}),0.11644415762513613,0.829064655346267,0.09756786189650304,0.8378940076203671,1.0106497752824988,1.0,0.0010281264879331703,1.0544665384942884,0.011926300759602533,0.11506445321790419,0.05165316916747604,0.4777891346785854
"frozenset({'Tournament_FIFA World Cup', 'Venue_Home Venue'})",frozenset({'Home_Medium'}),0.21300367039083612,0.6272738272899608,0.1349574476666801,0.6335921227040333,1.0100726271991447,1.0,0.0013458201138110137,1.0172438853135486,0.012671191416038431,0.191342139875336,0.0169515743102585,0.4243706498293829
frozenset({'Away_Medium'}),frozenset({'Venue_Home Venue'}),0.16222320816359456,0.7174605735489856,0.1174928407211713,0.7242665340626554,1.0094861805158204,1.0,0.0011040847491622652,1.0246831137835706,0.011216637419116856,0.15415145261152563,0.024088533763799387,0.4440143104313727
"frozenset({'Goals_nan', 'Result_Draw'})","frozenset({'Away_Weak', 'Venue_Home Venue'})",0.08700036300568709,0.5958536683741379,0.05231315290606219,0.6012980992118683,1.0091371944601537,1.0,0.00047366745924190545,1.0136553922290517,0.009917267994991033,0.0829655216529137,0.013471434506971003,0.3445467007262211
frozenset({'Goals_Low'}),frozenset({'Venue_Home Venue'}),0.42165127253660306,0.7174605735489856,0.30520711491146696,0.7238377654486322,1.0088885607582605,1.0,0.002688951079696078,1.0230921940141688,0.0152334567272216,0.3659975816203144,0.02257098055216813,0.5746184554699874
frozenset({'Goals_nan'}),"frozenset({'Away_Weak', 'Venue_Home Venue'})",0.08716169886661558,0.5958536683741379,0.05239382083652644,0.6011105969458583,1.0088225160819513,1.0,0.0004582028251316067,1.0131789125794524,0.009580404318954194,0.08308282699072593,0.01300748803180289,0.3445206406512274
"frozenset({'Venue_Home Venue', 'Goals_nan'})",frozenset({'Away_Weak'}),0.06267898197071754,0.829064655346267,0.05239382083652644,0.8359073359073359,1.0082534944855548,1.0,0.00042889225151861166,1.041700100360396,0.008733328052995247,0.0624219125420471,0.04003081150320432,0.4495518192550545
"frozenset({'Tournament_Friendly', 'Result_Draw'})",frozenset({'Away_Weak'}),0.0892187310934538,0.829064655346267,0.07457750171419353,0.8358951175406872,1.0082387569538438,1.0,0.0006094051697679709,1.041622540975365,0.008971895635180992,0.08839277177550436,0.03995933204017451,0.4629244500376752
"frozenset({'Venue_Home Venue', 'Goals_nan', 'Result_Draw'})",frozenset({'Away_Weak'}),0.0625983140402533,0.829064655346267,0.05231315290606219,0.8356958762886597,1.0079984364302963,1.0,0.0004151032510221961,1.0403594309905624,0.008464854718469406,0.062325804901489666,0.03879373780668738,0.44939743948220384
"frozenset({'Away_Weak', 'Goals_Medium'})",frozenset({'Venue_Home Venue'}),0.27697333924898154,0.7174605735489856,0.2002984713427177,0.7231687782146498,1.0079561231322134,1.0,0.001581020507365638,1.0206198008622387,0.010917056468196719,0.2522220529229519,0.020203214600401254,0.5011728757275182
"frozenset({'Tournament_Other', 'Goals_Low'})",frozenset({'Home_Medium'}),0.12664865082886298,0.6272738272899608,0.0800629209857621,0.6321656050955414,1.007798472680926,1.0,0.0006195370592313593,1.013298859142444,0.0088602681102125,0.11881247381337164,0.013124320650769345,0.37990096098398474
"frozenset({'Home_Medium', 'Goals_Low'})",frozenset({'Away_Weak'}),0.27064090670753843,0.829064655346267,0.22611220909127577,0.8354694485842027,1.0077253241911037,1.0,0.0017333990491892048,1.03892768353854,0.010510736269032142,0.2588300475552888,0.03746909833604015,0.5541005720177156
"frozenset({'Home_Medium', 'Venue_Neutral Venue'})",frozenset({'Away_Weak'}),0.1720243617150002,0.829064655346267,0.14370991812205058,0.8354044548651817,1.007646930161637,1.0,0.0010905999656423693,1.0385174429461124,0.009165605888353395,0.16761537375923227,0.037088874344608294,0.5043721374301583
"frozenset({'Home_Medium', 'Goals_Low', 'Away_Weak'})",frozenset({'Venue_Home Venue'}),0.22611220909127577,0.7174605735489856,0.16343322712055822,0.7227970032108455,1.007437941342843,1.0,0.0012066318995033465,1.0192509811353838,0.00954017741220075,0.20949229655671595,0.018887380529120902,0.47529551082512145
frozenset({'Home_Weak'}),"frozenset({'Away_Weak', 'Venue_Home Venue'})",0.21308433832130036,0.5958536683741379,0.12789900375105875,0.6002271436683702,1.0073398478961553,1.0,0.0009319190892360385,1.0109399005584419,0.00925940024449511,0.1877998223275096,0.01082151426845315,0.4074377443110009
frozenset({'Goals_Medium'}),"frozenset({'Away_Weak', 'Venue_Home Venue'})",0.3337635622958093,0.5958536683741379,0.2002984713427177,0.6001208459214502,1.007161452171564,1.0,0.001424228379139636,1.010671167786041,0.010672683217912256,0.2746377613095896,0.010558496300450528,0.46813732000262587
"frozenset({'Tournament_Friendly', 'Venue_Home Venue'})",frozenset({'Away_Weak'}),0.25862138506836607,0.829064655346267,0.21578671399185254,0.8343730505302558,1.006402872381252,1.0,0.0013728645149733987,1.032050310658885,0.008581494401726302,0.24749040107322942,0.031054988625916154,0.5473251776611386
"frozenset({'Goals_Medium', 'Tournament_Friendly', 'Venue_Home Venue'})",frozenset({'Away_Weak'}),0.0831686363086355,0.829064655346267,0.06933408623401767,0.8336566440349177,1.0055387582368143,1.0,0.00038190943717975046,1.0276054830204011,0.00600791987856884,0.08225667527993111,0.02686389229771472,0.4586429656564761
"frozenset({'Tournament_Other', 'Venue_Home Venue'})",frozenset({'Home_Medium'}),0.15706046061388296,0.6272738272899608,0.09906021861009155,0.630713918849512,1.0054841943181554,1.0,0.0005403023648970356,1.0093155191466565,0.0064705494535295715,0.14455562095350205,0.009229541179087971,0.3943178647745502
"frozenset({'Goals_Medium', 'Venue_Home Venue'})",frozenset({'Away_Weak'}),0.2403097648529827,0.829064655346267,0.2002984713427177,0.8335011748909029,1.005351234690837,1.0,0.0010661389685371059,1.0266459510553836,0.007006475998563474,0.23047291966399036,0.025954372126039866,0.5375484468470569
"frozenset({'Away_Weak', 'Goals_Low'})",frozenset({'Venue_Home Venue'}),0.3498971483886581,0.7174605735489856,0.252329286492155,0.7211527377521613,1.0051461562339405,1.0,0.0012918777260738645,1.013240812096961,0.007875382925603833,0.30959568466373033,0.013067784024173258,0.5364252557661189
"frozenset({'Goals_Medium', 'Tournament_Friendly'})",frozenset({'Away_Weak'}),0.10704634372605171,0.829064655346267,0.08913806316298956,0.8327053504144688,1.0043913282814851,1.0,0.00038972309567246455,1.0217621727725392,0.004896255027112875,0.10524310681461023,0.021298667490780073,0.47011088488857716
frozenset({'Goals_Low'}),"frozenset({'Away_Weak', 'Venue_Home Venue'})",0.42165127253660306,0.5958536683741379,0.252329286492155,0.5984312224985651,1.0043258173293794,1.0,0.001086828976596732,1.0064187114856507,0.0074473843000391095,0.32976648568868266,0.006377774391908473,0.510953240708431
"frozenset({'Away_Weak', 'Goals_Medium'})",frozenset({'Home_Medium'}),0.27697333924898154,0.6272738272899608,0.17444439962892752,0.6298237949614097,1.0040651587241662,1.0,0.0007062730609381507,1.0068885239967897,0.005599655358993813,0.23902951254559524,0.006841396870277259,0.45396153739840034
frozenset({'Goals_Medium'}),frozenset({'Venue_Home Venue'}),0.3337635622958093,0.7174605735489856,0.2403097648529827,0.7200000000000001,1.0035394648077356,1.0,0.0008475680184787671,1.0090693801821946,0.005293888148955327,0.2963441929868192,0.008987865810135831,0.5274724533393299
"frozenset({'Goals_Medium', 'Tournament_FIFA World Cup', 'Venue_Home Venue'})",frozenset({'Away_Weak'}),0.07260113741781954,0.829064655346267,0.06037994595248659,0.8316666666666667,1.0031384902294658,1.0,0.00018890898143505974,1.015457492992473,0.0033735979766257745,0.07177102310863938,0.0152221960044048,0.4522478310224601
"frozenset({'Home_Medium', 'Goals_High'})",frozenset({'Venue_Home Venue'}),0.09232444641632719,0.7174605735489856,0.06643004073730488,0.7195281782437746,1.0028818373733923,1.0,0.00019089045885418987,1.007371880290299,0.0031658407458993528,0.08936516549104719,0.007317933361584928,0.406059344350131
"frozenset({'Goals_nan', 'Result_Draw'})",frozenset({'Venue_Home Venue'}),0.08700036300568709,0.7174605735489856,0.0625983140402533,0.7195178488641633,1.0028674402343827,1.0,0.0001789836992230967,1.007334781578245,0.0031317006210344043,0.08437992714619694,0.007281374288251109,0.4033838401055694
"frozenset({'Home_Medium', 'Tournament_FIFA World Cup', 'Venue_Home Venue'})",frozenset({'Away_Weak'}),0.1349574476666801,0.829064655346267,0.11220909127576333,0.8314405260011956,1.0028657242105397,1.0,0.0003206414395753032,1.014095147537927,0.00330334651715468,0.13172972205123348,0.013899235759236043,0.4833923622465234
"frozenset({'Venue_Home Venue', 'Goals_High'})",frozenset({'Away_Weak'}),0.10926471181381842,0.829064655346267,0.09083208970273868,0.8313030638612035,1.002699920326481,1.0,0.0002445790613061216,1.0132688154638134,0.0030229524087427035,0.1071768513230535,0.013095059535351124,0.47043139084570756
"frozenset({'Away_Weak', 'Home_Strong'})",frozenset({'Venue_Home Venue'}),0.11838018795627799,0.7174605735489856,0.08514500060500949,0.7192504258943783,1.0024947048121948,1.0,0.00021188305706155985,1.006375262905009,0.0028226415892527753,0.11342144852783151,0.0063348764024724795,0.41896296873760963
"frozenset({'Away_Weak', 'Tournament_FIFA World Cup'})",frozenset({'Home_Medium'}),0.2003388053079498,0.6272738272899608,0.1259629734199169,0.6287497483390377,1.002352913488282,1.0,0.00029568425970091794,1.0039755422184191,0.0029354810482322222,0.1795240285123017,0.003959799866871939,0.4147799667621115
"frozenset({'Home_Medium', 'Goals_Low', 'Venue_Home Venue'})",frozenset({'Away_Weak'}),0.19666841447182673,0.829064655346267,0.16343322712055822,0.8310090237899918,1.0023452555011076,1.0,0.0003823958589763976,1.0115057530723321,0.002912580793709542,0.1895317835258899,0.011374876551502223,0.5140693379713763
frozenset({'Goals_nan'}),frozenset({'Venue_Home Venue'}),0.08716169886661558,0.7174605735489856,0.06267898197071754,0.7191115224433132,1.0023011005136644,1.0,0.00014389951037155346,1.005877595651799,0.002515032074947104,0.08447947811905408,0.005843251382878533,0.40323689456998135
"frozenset({'Tournament_Other', 'Away_Weak'})",frozenset({'Home_Medium'}),0.28495946436494174,0.6272738272899608,0.17908280563062154,0.6284501061571125,1.0018752238910296,1.0,0.0003351917959273365,1.0031658705510196,0.002617633427651492,0.24426473015349068,0.0031558794452214126,0.45697196665880313
frozenset({'Away_Weak'}),frozenset({'Venue_Home Venue'}),0.829064655346267,0.7174605735489856,0.5958536683741379,0.7187059109705668,1.0017357572910537,1.0,0.001032465240213054,1.0044271723799034,0.010136871702636975,0.6267713194739075,0.004407658914098786,0.774604810668553
frozenset({'Venue_Home Venue'}),frozenset({'Away_Weak'}),0.7174605735489856,0.829064655346267,0.5958536683741379,0.8305037103665392,1.0017357572910537,1.0,0.001032465240213054,1.0084901859703488,0.006132771202823056,0.6267713194739075,0.00841870956054944,0.774604810668553
"frozenset({'Result_Home Win', 'Venue_Neutral Venue'})",frozenset({'Home_Medium'}),0.11708950106885008,0.6272738272899608,0.07356915258339047,0.628315535652773,1.0016606915791668,1.0,0.0001219731124609269,1.0028026685609301,0.00187781010314743,0.10967470386627383,0.0027948355631643197,0.37279974313502845
"frozenset({'Tournament_FIFA World Cup', 'Venue_Home Venue'})","frozenset({'Home_Medium', 'Away_Weak'})",0.21300367039083612,0.5262372443834954,0.11220909127576333,0.5267941677712554,1.0010583123747019,1.0,0.00011862672571939792,1.0011769157305965,0.0013433271464274356,0.17895278528238773,0.0011755322282253112,0.37001163129116155
frozenset({'Goals_Medium'}),frozenset({'Away_Weak'}),0.3337635622958093,0.829064655346267,0.27697333924898154,0.8298489425981873,1.0009459904566704,1.0,0.00026176650706410953,1.0046093586716194,0.001418560065174243,0.31266220461685557,0.004588209966224382,0.5819641210193564
frozenset({'Goals_Low'}),frozenset({'Away_Weak'}),0.42165127253660306,0.829064655346267,0.3498971483886581,0.8298259039602066,1.0009182017458236,1.0,0.0003209814467843852,1.0044733518887714,0.001586170041078477,0.38842124115698046,0.004453430128693595,0.6259321687156908
"frozenset({'Goals_Medium', 'Venue_Home Venue'})",frozenset({'Home_Medium'}),0.2403097648529827,0.6272738272899608,0.15084902996813618,0.627727425310507,1.000723126011021,1.0,0.00010900403365521338,1.0012184567206555,0.0009511817372654305,0.21046707934721443,0.0012169738906395355,0.4341054822025786
"frozenset({'Tournament_Other', 'Goals_Medium', 'Away_Weak'})",frozenset({'Home_Medium'}),0.09506715605211148,0.6272738272899608,0.059532932682612026,0.6262197708952058,0.9983196231870394,1.0,-0.00010020614376790582,0.997180010303703,-0.0018565800081814675,0.08981926611087447,-0.0028279645271250815,0.3605635891513066
"frozenset({'Goals_Low', 'Result_Draw'})",frozenset({'Venue_Home Venue'}),0.10192393014157222,0.7174605735489856,0.07292380913967653,0.7154728927582114,0.9972295609486358,1.0,-0.0002025922380626266,0.9930140899050256,-0.0030838904784522944,0.09769276489976766,-0.007035056366262171,0.40855722443172543
"frozenset({'Goals_Low', 'Venue_Home Venue'})",frozenset({'Away_Weak'}),0.30520711491146696,0.829064655346267,0.252329286492155,0.8267477203647415,0.9972053627342757,1.0,-0.0007071450411488267,0.9866268138785632,-0.004017327715012222,0.2861062837281624,-0.013554452335290753,0.5655509460495564
"frozenset({'Away_Weak', 'Goals_nan', 'Result_Draw'})",frozenset({'Venue_Home Venue'}),0.07312547896583713,0.7174605735489856,0.05231315290606219,0.7153888582460011,0.9971124332411234,1.0,-0.00015149517381159855,0.9927208917745911,-0.003114670881504796,0.07085882867132867,-0.007332482156587594,0.3941515912547748
"frozenset({'Tournament_FIFA World Cup', 'Venue_Home Venue'})",frozenset({'Away_Weak'}),0.21300367039083612,0.829064655346267,0.17601742427298028,0.826358644196175,0.9967360674072375,1.0,-0.0005763903070881427,0.9844160906394371,-0.004143668361696817,0.20324143070044715,-0.015830612185991595,0.5193335424824223
"frozenset({'Away_Weak', 'Goals_nan'})",frozenset({'Venue_Home Venue'}),0.07328681482676562,0.7174605735489856,0.05239382083652644,0.7149146945514584,0.9964515416018838,1.0,-0.0001865793626631279,0.9910697642113765,-0.0038280052147305465,0.0709603408718453,-0.009010703495459328,0.3939707270823404
frozenset({'Venue_Neutral Venue'}),frozenset({'Away_Weak'}),0.2825394264510144,0.829064655346267,0.23321098697212922,0.825410421127766,0.9955923410859013,1.0,-0.0010324652402129708,0.9790695742431724,-0.006132771202822563,0.265497290843971,-0.021377873756323117,0.5533522550785996
frozenset({'Result_Draw'}),frozenset({'Away_Weak'}),0.2326059774936474,0.829064655346267,0.19170733674827573,0.824172013178429,0.9940985999870003,1.0,-0.0011380578139766062,0.9721737008067831,-0.007676450909201915,0.22036255737400903,-0.028622764810572934,0.5277026448767358
"frozenset({'Tournament_Other', 'Result_Away Win'})",frozenset({'Away_Weak'}),0.09385713709514783,0.829064655346267,0.07732021134997781,0.8238074774387623,0.9936589047987952,1.0,-0.0004934236675982612,0.9701623097786253,-0.006993304638950892,0.09143811113761029,-0.03075535909881226,0.4585347287461386
"frozenset({'Result_Home Win', 'Home_Strong'})",frozenset({'Away_Weak'}),0.1044649699511959,0.829064655346267,0.08603234784011617,0.8235521235521236,0.9933509024192557,1.0,-0.0005758664682302128,0.9687582990222504,-0.0074189664950711,0.10151342090234153,-0.03224922151302472,0.4636612478621722
frozenset({'Goals_Medium'}),"frozenset({'Home_Medium', 'Away_Weak'})",0.3337635622958093,0.5262372443834954,0.17444439962892752,0.5226586102719034,0.9931995803227792,1.0,-0.0011944176692382513,0.9925029880320446,-0.010172560826496325,0.2544566688239101,-0.007553641710258815,0.42707622013556845
frozenset({'Result_Draw'}),frozenset({'Venue_Home Venue'}),0.2326059774936474,0.7174605735489856,0.16573226313878917,0.7125021675047685,0.9930889497945651,1.0,-0.0011533548847255382,0.9827532402551264,-0.00898704298956617,0.2113030957523398,-0.017549430557355597,0.4717502967049365
"frozenset({'Goals_Medium', 'Home_Weak'})",frozenset({'Venue_Home Venue'}),0.07207679586980197,0.7174605735489856,0.051345137740491265,0.7123670956911023,0.9929006860506803,1.0,-0.0003671215638300085,0.9822917413773591,-0.007646539299455032,0.06955523986449567,-0.01802749415139188,0.39196609787928177
frozenset({'Tournament_UEFA'}),"frozenset({'Away_Weak', 'Venue_Home Venue'})",0.101520590489251,0.5958536683741379,0.06005727423062961,0.5915772745331744,0.9928230804508896,1.0,-0.0004341420278992092,0.9895294909555399,-0.007981378538016237,0.09423454211758749,-0.010581300648603487,0.34618462995595295
"frozenset({'Home_Medium', 'Result_Draw'})",frozenset({'Venue_Home Venue'}),0.15371274149961683,0.7174605735489856,0.10946638163997903,0.7121490422461296,0.9925967621097532,1.0,-0.0008164500381230289,0.98154763373274,-0.008736154676377143,0.1437119406936722,-0.018799257043784264,0.43236190587683143
frozenset({'Tournament_FIFA World Cup'}),frozenset({'Home_Medium'}),0.24773121445569313,0.6272738272899608,0.1541967490824023,0.6224356887007491,0.9922870389633277,1.0,-0.0011985579484103948,0.9871859218564301,-0.01022695626586481,0.21392199653069222,-0.012980410133354367,0.43412808097588895
"frozenset({'Goals_Low', 'Result_Draw'})",frozenset({'Away_Weak'}),0.10192393014157222,0.829064655346267,0.08381397975234946,0.8223189552829442,0.9918634813101452,1.0,-0.0006875482620101181,0.9620347793763544,-0.009051585304430567,0.09893353646924397,-0.03946345957290322,0.46170678973098805
"frozenset({'Away_Weak', 'Venue_Home Venue', 'Goals_High'})",frozenset({'Home_Medium'}),0.09083208970273868,0.6272738272899608,0.05650788529020288,0.622113676731794,0.9917736874492907,1.0,-0.0004687072583790461,0.9863447014606441,-0.009040747140741297,0.08541120526732915,-0.01384434723391747,0.3560992766375019
"frozenset({'Tournament_Friendly', 'Venue_Home Venue', 'Result_Draw'})",frozenset({'Away_Weak'}),0.06889041261646432,0.829064655346267,0.056548219255435,0.8208430913348946,0.9900833258801286,1.0,-0.000566386937096118,0.9541097015312938,-0.010642574872550298,0.067206749436748,-0.04809750744076364,0.444525170089729
frozenset({'Goals_Medium'}),frozenset({'Home_Medium'}),0.3337635622958093,0.6272738272899608,0.20719557939741057,0.620785498489426,0.9896563055586638,1.0,-0.0021655677338129897,0.9828900825925985,-0.01544552433525293,0.274852862493312,-0.01740776279100319,0.47554835624059777
"frozenset({'Goals_Medium', 'Venue_Neutral Venue'})",frozenset({'Away_Weak'}),0.0934537974428266,0.829064655346267,0.07667486790626386,0.8204574881312041,0.9896182195688127,1.0,-0.0008043724614730241,0.9520605614487961,-0.011439771457223863,0.09064899146440324,-0.05035334987330236,0.45647053438425933
"frozenset({'Tournament_Other', 'Goals_Medium'})",frozenset({'Home_Medium'}),0.10587665873432017,0.6272738272899608,0.06562336143266244,0.6198095238095237,0.9881004066235547,1.0,-0.0007902955122876393,0.9803669372383291,-0.013289944430195873,0.09830815709969788,-0.02002623917221924,0.3622131466784244
frozenset({'Goals_High'}),frozenset({'Away_Weak'}),0.15742346630097204,0.829064655346267,0.1289073528818618,0.8188572892646682,0.9876880940276779,1.0,-0.0016068789503682623,0.9436501417022908,-0.014578675457173824,0.15031511616969243,-0.0597147775509866,0.4871712863253528
frozenset({'Tournament_Other'}),frozenset({'Home_Medium'}),0.31855765740329933,0.6272738272899608,0.19727342395030856,0.6192707014434033,0.9872414159520512,1.0,-0.002549457021583129,0.9789794852224439,-0.018611903115439282,0.26353790613718414,-0.021471864420917634,0.4668820071003025
"frozenset({'Home_Medium', 'Result_Draw'})",frozenset({'Away_Weak'}),0.15371274149961683,0.829064655346267,0.1257209696285242,0.817895565468381,0.9865280834180283,1.0,-0.0017168314251854722,0.9386665684083234,-0.015879988837161758,0.1466892559649866,-0.06534102060935057,0.48476875086846444
"frozenset({'Goals_Medium', 'Tournament_FIFA World Cup'})",frozenset({'Away_Weak'}),0.08449965716129552,0.829064655346267,0.06909208244262494,0.8176610978520287,0.986245273609601,1.0,-0.0009635966986822619,0.9374595472501848,-0.015005222426210125,0.08181687920905574,-0.06671269489255595,0.45049924267449404
frozenset({'Home_Weak'}),frozenset({'Venue_Home Venue'}),0.21308433832130036,0.7174605735489856,0.1507683620376719,0.7075525269733106,0.9861901170029959,1.0,-0.002111249548634342,0.9661202523888084,-0.01748399991108265,0.19334816117519263,-0.03506783708075811,0.4588470977569499
"frozenset({'Home_Medium', 'Tournament_FIFA World Cup'})",frozenset({'Away_Weak'}),0.1541967490824023,0.829064655346267,0.1259629734199169,0.8168977243002877,0.9853245088093912,1.0,-0.001876101213599768,0.9335511751588872,-0.017304653592414294,0.1469301340860974,-0.0711785562583684,0.48441578017495535
"frozenset({'Venue_Home Venue', 'Goals_High'})","frozenset({'Home_Medium', 'Away_Weak'})",0.10926471181381842,0.5262372443834954,0.05650788529020288,0.5171650055370985,0.9827601733947484,1.0,-0.0009912755630576767,0.9812104778020726,-0.019313757317423685,0.09759665621734587,-0.019149328939104135,0.312273006332587
"frozenset({'Away_Weak', 'Venue_Neutral Venue'})",frozenset({'Home_Medium'}),0.23321098697212922,0.6272738272899608,0.14370991812205058,0.616222760290557,0.9823823878526093,1.0,-0.0025772302420261073,0.971204475263383,-0.02285337426943203,0.2004951887907265,-0.029649291647680907,0.4226625632728505
"frozenset({'Result_Away Win', 'Away_Medium'})",frozenset({'Venue_Home Venue'}),0.07732021134997781,0.7174605735489856,0.05449118702859678,0.7047470005216485,0.9822797607338223,1.0,-0.0009830161534870874,0.9569400715664218,-0.019176712056139838,0.07360793287566743,-0.044997518353571596,0.39034853961319665
"frozenset({'Away_Weak', 'Goals_High'})",frozenset({'Venue_Home Venue'}),0.1289073528818618,0.7174605735489856,0.09083208970273868,0.704630788485607,0.9821177838387483,1.0,-0.001653853630563376,0.956563566671019,-0.020474308771649328,0.12022207986333547,-0.04540883098877175,0.4156164961092303
"frozenset({'Goals_Low', 'Tournament_FIFA World Cup', 'Venue_Home Venue'})",frozenset({'Away_Weak'}),0.08933973298915017,0.829064655346267,0.07272213931351591,0.8139954853273137,0.9818238904266645,1.0,-0.0013462756258613984,0.9189849233204328,-0.019923737856223877,0.08599227357275718,-0.08815713361961079,0.45085568477020027
"frozenset({'Home_Medium', 'Away_Weak', 'Result_Draw'})",frozenset({'Venue_Home Venue'}),0.1257209696285242,0.7174605735489856,0.08853305368450773,0.7042027590632017,0.9815211943700225,1.0,-0.0016667852923078347,0.9551793842167154,-0.021080035563781057,0.11731694281133083,-0.0469237679580357,0.4138002776651741
"frozenset({'Venue_Home Venue', 'Result_Draw'})",frozenset({'Away_Weak'}),0.16573226313878917,0.829064655346267,0.1347557778405195,0.8130932100267706,0.9807355853171357,1.0,-0.0026469837783975603,0.914548608310142,-0.0230033718953337,0.1566852694273789,-0.09343559315863038,0.4878163690610623
"frozenset({'Away_Weak', 'Goals_Low', 'Result_Draw'})",frozenset({'Venue_Home Venue'}),0.08381397975234946,0.7174605735489856,0.05896825716936232,0.7035611164581328,0.9806268698193437,1.0,-0.00116496881518139,0.9531118963720906,-0.02110800193884077,0.07943925233644858,-0.04919475227030896,0.3928756785348905
"frozenset({'Home_Medium', 'Goals_Low', 'Result_Draw'})",frozenset({'Away_Weak'}),0.06768039365950067,0.829064655346267,0.05497519461138225,0.8122765196662693,0.9797505109260918,1.0,-0.001136227631631348,0.9105698677109964,-0.021687591075144907,0.06530905606133207,-0.09821336666214796,0.43929320996692206
"frozenset({'Away_Weak', 'Result_Draw'})",frozenset({'Venue_Home Venue'}),0.19170733674827573,0.7174605735489856,0.1347557778405195,0.7029244687565748,0.9797395071892151,1.0,-0.002786677936446935,0.951069329972855,-0.024945915838460765,0.17401041666666667,-0.0514480579754807,0.44537386019344366
"frozenset({'Tournament_Other', 'Away_Weak', 'Venue_Neutral Venue'})",frozenset({'Home_Medium'}),0.1409672084862663,0.6272738272899608,0.08655668938813375,0.6140200286123033,0.9788707927845188,1.0,-0.0018683510014283478,0.9656619522769362,-0.024511519514781657,0.1269747352227679,-0.035559077006294015,0.3760043558699377
frozenset({'Home_Strong'}),frozenset({'Venue_Home Venue'}),0.1569394587181866,0.7174605735489856,0.11019239301415722,0.7021331277306604,0.9786365322591782,1.0,-0.002405481050260297,0.9485426301301955,-0.025239994963717975,0.1441916926162453,-0.05424887425749288,0.4278599076926295
"frozenset({'Goals_Medium', 'Tournament_FIFA World Cup'})",frozenset({'Home_Medium'}),0.08449965716129552,0.6272738272899608,0.051748477392812485,0.6124105011933174,0.9763048840075823,1.0,-0.0012559459594429084,0.9616518864871084,-0.02582566710449794,0.07840381324859448,-0.039877334045458325,0.34745396458842825
"frozenset({'Home_Medium', 'Venue_Home Venue', 'Result_Draw'})",frozenset({'Away_Weak'}),0.10946638163997903,0.829064655346267,0.08853305368450773,0.8087693441414886,0.9755202310532682,1.0,-0.0022216542818444263,0.8938699911179793,-0.02740640799020008,0.10415678086741957,-0.11873092277019162,0.4577780070257431
frozenset({'Tournament_FIFA World Cup'}),frozenset({'Away_Weak'}),0.24773121445569313,0.829064655346267,0.2003388053079498,0.8086942364050798,0.9754296377130208,1.0,-0.005046388623271586,0.8935190526495554,-0.03239952507113529,0.22857800276115967,-0.11917031543389725,0.5251693025859016
"frozenset({'Goals_Low', 'Venue_Home Venue', 'Result_Draw'})",frozenset({'Away_Weak'}),0.07292380913967653,0.829064655346267,0.05896825716936232,0.8086283185840707,0.9753501290515624,1.0,-0.0014902955215605612,0.8932112807339566,-0.026537374815122503,0.06994880627721162,-0.11955594557459516,0.43987728261969283
"frozenset({'Venue_Home Venue', 'Away_Medium'})",frozenset({'Home_Medium'}),0.1174928407211713,0.6272738272899608,0.07175412414794498,0.6107106076210091,0.9735949134997223,1.0,-0.001946059730393912,0.9574526817498622,-0.02981571954202564,0.10661632506292701,-0.04443803757735301,0.3625505198598873
"frozenset({'Away_Weak', 'Home_Weak'})",frozenset({'Venue_Home Venue'}),0.18331787197999436,0.7174605735489856,0.12789900375105875,0.6976897689768976,0.9724433574457062,1.0,-0.00362434182148752,0.9346009412080495,-0.03353475800477378,0.16548376996138187,-0.06997538297727028,0.4379780079424627
frozenset({'Result_Draw'}),"frozenset({'Away_Weak', 'Venue_Home Venue'})",0.2326059774936474,0.5958536683741379,0.1347557778405195,0.579330674527484,0.9722700476247147,1.0,-0.0038433471348224557,0.9607221329292445,-0.03583402610567622,0.1942554799697657,-0.04088369126148604,0.4027432496715129
"frozenset({'Goals_Low', 'Result_Draw'})","frozenset({'Away_Weak', 'Venue_Home Venue'})",0.10192393014157222,0.5958536683741379,0.05896825716936232,0.5785516422635536,0.9709626255087175,1.0,-0.0017634905006028503,0.9589462723178906,-0.03222666466529306,0.09230963505493117,-0.04281129075446271,0.33875798453799083
frozenset({'Venue_Neutral Venue'}),frozenset({'Home_Medium'}),0.2825394264510144,0.6272738272899608,0.1720243617150002,0.6088508208422556,0.9706300412256973,1.0,-0.005205225675237984,0.9529003065086952,-0.040467936463006705,0.23316203804942057,-0.04942772414868041,0.4415460379931443
"frozenset({'Tournament_Other', 'Venue_Neutral Venue'})",frozenset({'Home_Medium'}),0.16149719678941638,0.6272738272899608,0.09821320534021699,0.6081418581418581,0.969499812815785,1.0,-0.0030897593864801925,0.9511762877826618,-0.03616214920247858,0.14222300099293264,-0.05132982481213204,0.3823566800997356
"frozenset({'Venue_Home Venue', 'Goals_High'})",frozenset({'Home_Medium'}),0.10926471181381842,0.6272738272899608,0.06643004073730488,0.6079734219269103,0.9692312917845864,1.0,-0.002108853229883592,0.9507676100484896,-0.034413157149666446,0.09913326110509207,-0.051781728185922776,0.35693809985234404
frozenset({'Goals_High'}),"frozenset({'Away_Weak', 'Venue_Home Venue'})",0.15742346630097204,0.5958536683741379,0.09083208970273868,0.57699205739175,0.9683452297376062,1.0,-0.0029692601808679886,0.9554107403608358,-0.037348128830472296,0.13711641500243546,-0.046670251605423534,0.3647161600165275
frozenset({'Goals_High'}),frozenset({'Venue_Home Venue'}),0.15742346630097204,0.7174605735489856,0.10926471181381842,0.6940814757878555,0.9674141010348719,1.0,-0.0036804186085463986,0.9235773713888686,-0.03844008029655143,0.142714150247603,-0.08274631988461086,0.4231875784606019
"frozenset({'Home_Medium', 'Result_Draw'})","frozenset({'Away_Weak', 'Venue_Home Venue'})",0.15371274149961683,0.5958536683741379,0.08853305368450773,0.5759643138283915,0.9666204043015847,1.0,-0.003057247213884548,0.9530950927142083,-0.03920470402708626,0.13393129538104828,-0.04921325022481932,0.36227309308152805
frozenset({'Venue_Neutral Venue'}),"frozenset({'Home_Medium', 'Away_Weak'})",0.2825394264510144,0.5262372443834954,0.14370991812205058,0.508636688079943,0.9665539516797751,1.0,-0.004972851083224483,0.964180157784316,-0.04601123918536217,0.21608344957244224,-0.037150569762810705,0.390863143610754
frozenset({'Tournament_FIFA World Cup'}),"frozenset({'Home_Medium', 'Away_Weak'})",0.24773121445569313,0.5262372443834954,0.1259629734199169,0.5084662976229242,0.966230161490393,1.0,-0.004402418223023785,0.963845924145933,-0.044396924932974945,0.19438565915598158,-0.03751022331302933,0.37391583448632987
"frozenset({'Goals_Low', 'Tournament_FIFA World Cup'})","frozenset({'Home_Medium', 'Away_Weak'})",0.10333561892469649,0.5262372443834954,0.052514822732222806,0.5081967213114754,0.965717890049468,1.0,-0.0018642286173724543,0.9633176030868927,-0.038082476673017625,0.09100440343887609,-0.03807923450745712,0.30399488859319457
frozenset({'Away_Medium'}),frozenset({'Home_Medium'}),0.16222320816359456,0.6272738272899608,0.09801153551405639,0.6041770263550472,0.9631790775733466,1.0,-0.003746837145977594,0.9416486599496089,-0.04363961176492248,0.14174055062995802,-0.0619672097802525,0.3802135131775236
"frozenset({'Goals_Low', 'Tournament_FIFA World Cup'})",frozenset({'Away_Weak'}),0.10333561892469649,0.829064655346267,0.08248295889968943,0.7982045277127244,0.9627771761411617,1.0,-0.0031889503891072563,0.8470722495219802,-0.04133523200531725,0.09704821564160973,-0.1805368438929736,0.4488468515479215
"frozenset({'Away_Weak', 'Goals_High'})",frozenset({'Home_Medium'}),0.1289073528818618,0.6272738272899608,0.07772355100229904,0.6029411764705883,0.9612088855603972,1.0,-0.003136657605723986,0.9387177683067655,-0.04427738801942786,0.11455918197491231,-0.06528291437774082,0.3634240347373518
"frozenset({'Goals_Medium', 'Venue_Neutral Venue'})",frozenset({'Home_Medium'}),0.0934537974428266,0.6272738272899608,0.05634654942927439,0.6029348295209322,0.9611987672526024,1.0,-0.00227457176746821,0.9387027632273487,-0.04263064441451974,0.08481058766391453,-0.06529994282951258,0.3463812522090258
"frozenset({'Home_Medium', 'Goals_Low', 'Tournament_FIFA World Cup'})",frozenset({'Away_Weak'}),0.06606703505021579,0.829064655346267,0.052514822732222806,0.7948717948717949,0.9587573052909955,1.0,-0.0022590209114340884,0.8333098051869484,-0.04403176594523387,0.0623234885836006,-0.20003388148739668,0.42910702368255277
"frozenset({'Result_Away Win', 'Home_Weak'})",frozenset({'Away_Weak'}),0.10196426410680434,0.829064655346267,0.08034525874238696,0.7879746835443038,0.9504381575827743,1.0,-0.004189708736956524,0.8062025210534269,-0.054880335661588904,0.09444786875918638,-0.24038312196462372,0.44244270543062914
"frozenset({'Result_Away Win', 'Goals_Low'})",frozenset({'Venue_Home Venue'}),0.12584197152422055,0.7174605735489856,0.08494333077884887,0.675,0.9408182482572521,1.0,-0.005343322287453517,0.8693520813877367,-0.06712951154189514,0.11200936070630785,-0.15028194147037824,0.3966972116033281
frozenset({'Goals_High'}),frozenset({'Home_Medium'}),0.15742346630097204,0.6272738272899608,0.09232444641632719,0.5864719446579555,0.9349536345103325,1.0,-0.006423173795535725,0.9013322503638681,-0.0762724177105716,0.13334498427123384,-0.10946878866954968,0.36682779331663207
"frozenset({'Result_Away Win', 'Goals_Low'})",frozenset({'Home_Medium'}),0.12584197152422055,0.6272738272899608,0.07373048844431897,0.5858974358974359,0.9340377525852064,1.0,-0.005206886667393121,0.9000817792997851,-0.07474824189703218,0.10852529090477321,-0.11101015818578834,0.3517192940804052
"frozenset({'Venue_Home Venue', 'Home_Strong'})",frozenset({'Away_Weak'}),0.11019239301415722,0.829064655346267,0.08514500060500949,0.7726939970717425,0.932006921401105,1.0,-0.006211617731053179,0.7520054131948449,-0.07577519684451806,0.09968832640725352,-0.3297776617744898,0.4376970350233439
"frozenset({'Result_Away Win', 'Home_Weak'})",frozenset({'Venue_Home Venue'}),0.10196426410680434,0.7174605735489856,0.06816440124228614,0.6685126582278481,0.9317761600766268,1.0,-0.004990938165281955,0.8523385084345637,-0.07538611408603312,0.09073338344249973,-0.17324277866623305,0.3817602643511626
"frozenset({'Result_Away Win', 'Goals_Low', 'Away_Weak'})",frozenset({'Home_Medium'}),0.09272778606864841,0.6272738272899608,0.053966845480579194,0.5819921705089168,0.927811978101053,1.0,-0.004198867782826604,0.8916727066185014,-0.0789832641460829,0.08102706958154182,-0.12148773039415908,0.3340130605631004
"frozenset({'Away_Weak', 'Goals_Low', 'Result_Away Win'})",frozenset({'Venue_Home Venue'}),0.09272778606864841,0.7174605735489856,0.06142862904852176,0.6624619399739017,0.9233426398568104,1.0,-0.005099901528218369,0.8370594605810335,-0.08383529801580428,0.08204050851109675,-0.19465826155989382,0.3740407293753025
"frozenset({'Result_Away Win', 'Goals_Medium'})",frozenset({'Venue_Home Venue'}),0.1082966966482475,0.7174605735489856,0.07163312225224862,0.6614525139664804,0.9219356970300736,1.0,-0.006065487838463543,0.8345636523883098,-0.08672294661685316,0.09498850082901,-0.19823095235246993,0.38064755223846847
"frozenset({'Home_Medium', 'Result_Away Win'})",frozenset({'Venue_Home Venue'}),0.15907715887548904,0.7174605735489856,0.10486830960351712,0.6592292089249493,0.9188368437641257,1.0,-0.009263280041834354,0.829118674049703,-0.09505729675557886,0.13589797198411038,-0.20609996047448007,0.402697581750534
frozenset({'Result_Away Win'}),frozenset({'Venue_Home Venue'}),0.28576614366958414,0.7174605735489856,0.18718993264227807,0.6550458715596331,0.913006088013154,1.0,-0.017836008695783584,0.8190637628500153,-0.11770348417296848,0.2293890865954923,-0.22090616794033074,0.45797605023900256
"frozenset({'Result_Away Win', 'Venue_Home Venue', 'Home_Weak'})",frozenset({'Away_Weak'}),0.06816440124228614,0.829064655346267,0.05154680756665188,0.7562130177514792,0.9121279177383812,1.0,-0.004965888256168734,0.7011668263708946,-0.09369770456438109,0.06095292602661325,-0.4261941129984839,0.4091938355602446
frozenset({'Home_Strong'}),"frozenset({'Away_Weak', 'Venue_Home Venue'})",0.1569394587181866,0.5958536683741379,0.08514500060500949,0.5425340529426883,0.9105155875318535,1.0,-0.008367951584873579,0.8834457170540616,-0.10440319265455152,0.12752975291487947,-0.13193145961995306,0.3427149382022045
frozenset({'Home_Strong'}),frozenset({'Away_Weak'}),0.1569394587181866,0.829064655346267,0.11838018795627799,0.7543048059624775,0.9098262736184727,1.0,-0.011732770296145098,0.6957211569536348,-0.10519415129241182,0.1364418204639487,-0.4373574671477805,0.44854622443587266
"frozenset({'Result_Away Win', 'Venue_Neutral Venue'})",frozenset({'Away_Weak'}),0.0985762110273061,0.829064655346267,0.07377082240955109,0.7483633387888707,0.9026598033856713,1.0,-0.00795523001114333,0.6792942802174364,-0.10684757777461962,0.08639584317430328,-0.4721160314788878,0.4186720610266417
"frozenset({'Tournament_Other', 'Home_Medium', 'Result_Home Win'})","frozenset({'Away_Weak', 'Venue_Home Venue'})",0.10075424514984069,0.5958536683741379,0.05416851530673981,0.5376301040832666,0.9022854647354247,1.0,-0.00586627127005996,0.8740757890921242,-0.10748598879103297,0.08431692616775491,-0.14406555184267184,0.3142695974961788
"frozenset({'Home_Medium', 'Result_Away Win', 'Away_Weak'})",frozenset({'Venue_Home Venue'}),0.11289476868470939,0.7174605735489856,0.07296414310490865,0.6463022508038585,0.9008191873274153,1.0,-0.008033402386303012,0.7988160147842315,-0.11040918053820231,0.09633613803386942,-0.25185271888935573,0.3740000122919675
"frozenset({'Away_Weak', 'Goals_Medium', 'Result_Away Win'})",frozenset({'Venue_Home Venue'}),0.07800588875892389,0.7174605735489856,0.05025612067922398,0.6442605997931747,0.8979735243238239,1.0,-0.005710029009951927,0.7942314691224734,-0.10971145867052458,0.06743883957566574,-0.25907879362281505,0.3571539113200189
"frozenset({'Result_Away Win', 'Goals_Medium'})",frozenset({'Home_Medium'}),0.1082966966482475,0.6272738272899608,0.06098495543096842,0.5631284916201117,0.8977394992758121,1.0,-0.006946727958437662,0.8531711625971484,-0.11327317003294657,0.09040358744394619,-0.17209774994725352,0.33017535692116695
"frozenset({'Away_Weak', 'Result_Away Win', 'Home_Weak'})",frozenset({'Venue_Home Venue'}),0.08034525874238696,0.7174605735489856,0.05154680756665188,0.6415662650602411,0.8942181476072946,1.0,-0.006097747852602725,0.7882612569893849,-0.11397017506731959,0.06907361366338774,-0.2686149308153382,0.35670622675094354
"frozenset({'Result_Away Win', 'Venue_Home Venue'})",frozenset({'Home_Medium'}),0.18718993264227807,0.6272738272899608,0.10486830960351712,0.5602240896358543,0.8931093013337023,1.0,-0.012551035875154617,0.8475365838056305,-0.12834806560054535,0.14778605127039166,-0.17989007095100767,0.36370257979735104
"frozenset({'Away_Weak', 'Result_Away Win'})",frozenset({'Venue_Home Venue'}),0.2047352075182511,0.7174605735489856,0.13096438510870004,0.6396769109535068,0.8915847567613162,1.0,-0.015925054303014996,0.7841280091117273,-0.13262432753797593,0.16551970229902635,-0.27530197669232087,0.4111078505745721
"frozenset({'Result_Away Win', 'Goals_Low'})",frozenset({'Away_Weak'}),0.12584197152422055,0.829064655346267,0.09272778606864841,0.7368589743589744,0.8887834858322575,1.0,-0.011603344681174257,0.6495959504502398,-0.1252221433346817,0.10755052395209583,-0.5394184635955512,0.42435262023713743
"frozenset({'Result_Away Win', 'Venue_Home Venue', 'Away_Weak'})",frozenset({'Home_Medium'}),0.13096438510870004,0.6272738272899608,0.07296414310490865,0.5571296581459809,0.888176158334189,1.0,-0.009186387980901975,0.8416146611888019,-0.1265432864430396,0.1064743967039435,-0.1881922287183956,0.33672455129521267
frozenset({'Result_Away Win'}),frozenset({'Home_Medium'}),0.28576614366958414,0.6272738272899608,0.15907715887548904,0.5566690190543402,0.8874418074469044,1.0,-0.020176463774023823,0.8407401890005182,-0.1508016032551468,0.21098807040068476,-0.18942809334333327,0.40513492104980386
"frozenset({'Result_Away Win', 'Tournament_Friendly'})",frozenset({'Away_Weak'}),0.08458032509175976,0.829064655346267,0.06203363852700359,0.7334287076776348,0.8846459717563415,1.0,-0.00808891954427144,0.641236883253807,-0.12468328603609402,0.07284266363550251,-0.5594860902662575,0.4041261757799509
"frozenset({'Home_Medium', 'Goals_Low', 'Result_Away Win'})",frozenset({'Away_Weak'}),0.07373048844431897,0.829064655346267,0.053966845480579194,0.7319474835886214,0.8828593510392941,1.0,-0.007160496510022034,0.6376934898510689,-0.12529666646132637,0.06357804704205275,-0.5681514958441031,0.3985205673841915
"frozenset({'Tournament_Other', 'Result_Home Win'})","frozenset({'Away_Weak', 'Venue_Home Venue'})",0.15597144355261566,0.5958536683741379,0.0818779494212076,0.5249547452805793,0.8810128612835173,1.0,-0.011058207381228216,0.8507533284688127,-0.13794216434580542,0.1222155328115593,-0.1754288423411775,0.33118379652169494
"frozenset({'Result_Away Win', 'Away_Weak'})",frozenset({'Home_Medium'}),0.2047352075182511,0.6272738272899608,0.11289476868470939,0.5514184397163121,0.8790713333260369,1.0,-0.015530268516268333,0.8308994522073602,-0.14746982075695697,0.15699141847551742,-0.20351505509289827,0.365697645784082
"frozenset({'Result_Away Win', 'Venue_Neutral Venue'})",frozenset({'Home_Medium'}),0.0985762110273061,0.6272738272899608,0.05420884927197193,0.5499181669394435,0.876679598310804,1.0,-0.007625427898869212,0.8281297873666688,-0.13498584509222805,0.0807110257026183,-0.20754018905641985,0.31816896001293166
frozenset({'Tournament_UEFA'}),frozenset({'Home_Medium'}),0.101520590489251,0.6272738272899608,0.055620538055096196,0.5478744537147398,0.8734215104777227,1.0,-0.008060671289833073,0.8243864470221165,-0.13889428272422602,0.08262432594367884,-0.2130233382805385,0.31827236060222586
"frozenset({'Result_Away Win', 'Goals_Low', 'Venue_Home Venue'})",frozenset({'Away_Weak'}),0.08494333077884887,0.829064655346267,0.06142862904852176,0.7231718898385565,0.8722744181351171,1.0,-0.008994884207608543,0.6174782775999341,-0.1379465812963782,0.07205033588797427,-0.6194901687665566,0.39863289213406783
"frozenset({'Result_Away Win', 'Goals_Medium'})",frozenset({'Away_Weak'}),0.1082966966482475,0.829064655346267,0.07800588875892389,0.7202979515828678,0.8688079354703986,1.0,-0.011779074722894647,0.611133688941775,-0.14481783397271672,0.09077255233267625,-0.6363031822571866,0.4071934905080479
"frozenset({'Tournament_Other', 'Result_Away Win'})",frozenset({'Home_Medium'}),0.09385713709514783,0.6272738272899608,0.05098213205340217,0.5431886549204985,0.8659514095578652,1.0,-0.007891993550749765,0.8159302012194366,-0.14590731232895301,0.0760758350887752,-0.22559503068456654,0.3122321875425538
frozenset({'Result_Away Win'}),frozenset({'Away_Weak'}),0.28576614366958414,0.829064655346267,0.2047352075182511,0.7164431898376853,0.8641584045558615,1.0,-0.0321834018928045,0.6028257425941752,-0.18038787998929315,0.22496011345506114,-0.6588541751661791,0.4816952023136371
"frozenset({'Home_Medium', 'Result_Away Win'})",frozenset({'Away_Weak'}),0.15907715887548904,0.829064655346267,0.11289476868470939,0.709685598377282,0.8560075427179739,1.0,-0.018990481211861296,0.5887938858640374,-0.16669097541293348,0.12898617511520738,-0.6983872013761319,0.422928423124423
"frozenset({'Result_Away Win', 'Home_Weak'})","frozenset({'Away_Weak', 'Venue_Home Venue'})",0.10196426410680434,0.5958536683741379,0.05154680756665188,0.5055379746835443,0.8484263864028372,1.0,-0.00920897324445693,0.8173455410801436,-0.16592789875293718,0.07976034450477439,-0.22347275385936988,0.2960235734109524
"frozenset({'Result_Away Win', 'Goals_Medium', 'Venue_Home Venue'})",frozenset({'Away_Weak'}),0.07163312225224862,0.829064655346267,0.05025612067922398,0.7015765765765766,0.8462266145980571,1.0,-0.00913236913221354,0.5727946643491126,-0.16369630415541647,0.05909414275551341,-0.745826318295643,0.3810972155565928
"frozenset({'Result_Away Win', 'Venue_Home Venue'})",frozenset({'Away_Weak'}),0.18718993264227807,0.829064655346267,0.13096438510870004,0.6996336996336996,0.8438831581132724,1.0,-0.02422817188166118,0.5690896230545011,-0.18540453460721545,0.14793384664449405,-0.7571924693208316,0.42880006557943795
"frozenset({'Home_Medium', 'Result_Away Win', 'Venue_Home Venue'})",frozenset({'Away_Weak'}),0.10486830960351712,0.829064655346267,0.07296414310490865,0.6957692307692308,0.839221918679715,1.0,-0.013978465853276903,0.5618608041715623,-0.1762932605109602,0.08474655673194041,-0.7798002504809955,0.3918885073816964
"frozenset({'Tournament_UEFA', 'Venue_Home Venue'})",frozenset({'Away_Weak'}),0.08877505747590046,0.829064655346267,0.06005727423062961,0.6765106769650159,0.8159926642662924,1.0,-0.013542988198972851,0.5284110864927896,-0.19837778170598763,0.0700145765740349,-0.8924659712143369,0.37447523631758456
"frozenset({'Tournament_Other', 'Home_Medium', 'Away_Weak', 'Result_Home Win'})",frozenset({'Venue_Home Venue'}),0.09474448433025451,0.7174605735489856,0.05416851530673981,0.5717326521924223,0.7968837219365148,1.0,-0.01380691676144747,0.6597267522201121,-0.2197040045116007,0.07145897626902203,-0.5157790655522162,0.32361649474923565
"frozenset({'Tournament_Other', 'Away_Weak', 'Result_Home Win'})",frozenset({'Venue_Home Venue'}),0.14415359173960393,0.7174605735489856,0.0818779494212076,0.5679910464465585,0.7916686538424513,1.0,-0.021546569187434944,0.6540128951657548,-0.23516930990293664,0.10500724187875025,-0.529021839464736,0.3410564631828025
"frozenset({'Home_Medium', 'Tournament_Other', 'Result_Home Win'})",frozenset({'Venue_Home Venue'}),0.10075424514984069,0.7174605735489856,0.056548219255435,0.5612489991993594,0.7822715559450033,1.0,-0.015738979257264793,0.64396303583452,-0.23635747362689366,0.0742427451811057,-0.5528841631477919,0.3200330896603948
"frozenset({'Tournament_Other', 'Result_Home Win'})",frozenset({'Venue_Home Venue'}),0.15597144355261566,0.7174605735489856,0.08700036300568709,0.5577967416602017,0.7774597827738576,1.0,-0.024902998342835783,0.6389356503427325,-0.25324965670901545,0.11062673094676376,-0.5651028385465555,0.33952913314177163
frozenset({'Tournament_UEFA'}),frozenset({'Away_Weak'}),0.101520590489251,0.829064655346267,0.06534102367603759,0.6436233611442193,0.7763246895085687,1.0,-0.018826109688482806,0.47964800723907,-0.24281204157123687,0.07551743427186276,-1.0848622008379827,0.3612181510172568
"frozenset({'Home_Medium', 'Tournament_Other', 'Away_Weak'})",frozenset({'Venue_Home Venue'}),0.17908280563062154,0.7174605735489856,0.0925261162424878,0.5166666666666667,0.7201324863203659,1.0,-0.03595873619801945,0.5845643305883057,-0.3213039456133558,0.11507976321862144,-0.710675707827742,0.32281500637133653
"frozenset({'Tournament_Other', 'Goals_Low', 'Away_Weak'})",frozenset({'Venue_Home Venue'}),0.11507280280724398,0.7174605735489856,0.058685919412737465,0.5099894847528916,0.7108257980367912,1.0,-0.02387427968923713,0.5765987007616193,-0.3149348377224979,0.07583654748253935,-0.7343084517518286,0.2958931008203406
"frozenset({'Tournament_Other', 'Away_Weak'})",frozenset({'Venue_Home Venue'}),0.28495946436494174,0.7174605735489856,0.14399225587867542,0.5053078556263269,0.7043005208310952,1.0,-0.0604549248628074,0.5711419307228658,-0.3699467108915795,0.16773951040736737,-0.75087827772398,0.3530024773971526
"frozenset({'Home_Medium', 'Tournament_Other'})",frozenset({'Venue_Home Venue'}),0.19727342395030856,0.7174605735489856,0.09906021861009155,0.5021468002453485,0.6998946266293526,1.0,-0.04247568528326902,0.5675155378940087,-0.34817860562986386,0.12144587845522423,-0.7620662928646789,0.3201087048224719
"frozenset({'Tournament_Other', 'Goals_Low'})",frozenset({'Venue_Home Venue'}),0.12664865082886298,0.7174605735489856,0.06348566127535998,0.5012738853503185,0.69867795364799,1.0,-0.02737975238752126,0.5665222216195307,-0.3305733662581444,0.0813268574971582,-0.7651558259114283,0.29488025277185365
"frozenset({'Tournament_Other', 'Goals_Medium'})",frozenset({'Venue_Home Venue'}),0.10587665873432017,0.7174605735489856,0.052958496349776146,0.5001904761904762,0.6971678927473846,1.0,-0.023003831951199427,0.5652942030746286,-0.3269667692752367,0.0687434554973822,-0.7689903674246288,0.2870021416257081
